claim_id,video_id,video_title,upload_date,start,end,start_seconds,end_seconds,url,topic,claim,claim_class,scope,evidence_type,transcript_confidence,visual_dependency,review_note,gameplay_verified,status
P4-001,JM50b3IU6-c,How to Play Split Comps in Overwatch (Toronto vs Washington),2023-10-27,00:00:47,00:01:17,47,77,https://www.youtube.com/watch?v=JM50b3IU6-c&t=47s,composition/space,"A split composition can form two or sometimes three cores, creating pressure from distinct map areas rather than moving as a five-player rush unit.",definition,"Split composition, 2023 example",automatic_caption_speaker_paraphrase,high,medium,General explanation; visual only needed for exact map geometry.,False,provisional
P4-002,JM50b3IU6-c,How to Play Split Comps in Overwatch (Toronto vs Washington),2023-10-27,00:01:57,00:02:20,117,140,https://www.youtube.com/watch?v=JM50b3IU6-c&t=117s,composition/vocabulary,"He calls the larger or tank-containing group the core and the smaller or tankless group the off angle, while acknowledging the terminology is partly conventional.",definition,His usage in this video,automatic_caption_speaker_paraphrase,high,low,Preserve this local vocabulary rather than assume universal terms.,False,provisional
P4-003,JM50b3IU6-c,How to Play Split Comps in Overwatch (Toronto vs Washington),2023-10-27,00:09:00,00:10:04,540,604,https://www.youtube.com/watch?v=JM50b3IU6-c&t=540s,space/tempo,"When one split core is rushed, it should retreat while the other pressures the enemy's trailing support and forces cooldowns, kills, or objective value; the two cores push and pull simultaneously.",conditional_rule,Split composition facing a rush,automatic_caption_speaker_paraphrase,high,high,Spoken mechanism clear; actual flank geometry and results require video review.,False,provisional
P4-004,JM50b3IU6-c,How to Play Split Comps in Overwatch (Toronto vs Washington),2023-10-27,00:18:40,00:19:50,1120,1190,https://www.youtube.com/watch?v=JM50b3IU6-c&t=1120s,space/tempo,A pressured off angle has already contributed by drawing resources; trying to push both cores at once can throw away the advantage. The pressured core should keep attention while surviving.,conditional_rule,Toronto–Washington side-lane example,automatic_caption_speaker_paraphrase,high,high,He narrates a specific fight; do not treat outcome as independently verified.,False,provisional
P4-005,c92ESPjlveI,What are turns?,2023-11-28,00:00:58,00:01:30,58,90,https://www.youtube.com/watch?v=c92ESPjlveI&t=58s,turns,"A turn is a period when a team spends cooldowns or takes space for proactive value; taking a first turn, a second turn, and a simultaneous neutralizing turn are distinct choices.",definition,Brawl and dive examples; poke acknowledged as less obvious,automatic_caption_speaker_paraphrase,high,low,Explicit definition; transcript has automatic-caption errors for hero names elsewhere.,False,provisional
P4-006,c92ESPjlveI,What are turns?,2023-11-28,00:02:05,00:03:48,125,228,https://www.youtube.com/watch?v=c92ESPjlveI&t=125s,turns/space,"Simultaneous neutralization tends to preserve the current map state, while sequential turns seek to change it. A team attacking a strong defensive setup cannot rely on neutralization alone to gain space.",conditional_rule,Dive into entrenched defense,automatic_caption_speaker_paraphrase,high,medium,"Generalization as expressed by speaker, not proof across all maps.",False,provisional
P4-007,c92ESPjlveI,What are turns?,2023-11-28,00:06:35,00:07:25,395,445,https://www.youtube.com/watch?v=c92ESPjlveI&t=395s,turns/objective,"A space-poor dive team can pressure cart or set DPS angles to make the opposing Winston spend his first turn, creating a later second-turn opportunity.",mechanism,Dive mirror example,automatic_caption_speaker_paraphrase,high,high,Exact positioning depends on the on-screen demonstration.,False,provisional
P4-008,c92ESPjlveI,What are turns?,2023-11-28,00:09:10,00:10:25,550,625,https://www.youtube.com/watch?v=c92ESPjlveI&t=550s,turns/setup,"Soft dives can extend one's own time in while baiting enemy cooldown cycles; after the opposing Winston leaves, the team can use its second turn with backline and DPS aggression.",conditional_rule,Illustrated dive mirror,automatic_caption_speaker_paraphrase,medium,high,Specific execution sequence should be visually audited.,False,provisional
P4-009,z9n-JNB52rk,Get off the Corner,2024-11-11,00:00:39,00:01:24,39,84,https://www.youtube.com/watch?v=z9n-JNB52rk&t=39s,space/positioning,A backline that follows its tank tightly around a corner is easier for the opposing tank to reach than a backline offset from that corner.,mechanism,Corner swing and tank–backline trade,automatic_caption_speaker_paraphrase,high,high,Requires visual review for geometry and example validity.,False,provisional
P4-010,z9n-JNB52rk,Get off the Corner,2024-11-11,00:02:15,00:03:15,135,195,https://www.youtube.com/watch?v=z9n-JNB52rk&t=135s,composition/space,"He frames many Overwatch 2 fights as tank–backline reach and trade problems and says a team may engage or bait that interaction; these are broad explanatory simplifications, not strict composition taxonomy.",framework,Overwatch 2; explicit broad simplification,automatic_caption_speaker_paraphrase,high,medium,"Potential tension with older brawl/dive/poke vocabulary, not a proved contradiction.",False,provisional
P4-011,z9n-JNB52rk,Get off the Corner,2024-11-11,00:07:37,00:08:41,457,521,https://www.youtube.com/watch?v=z9n-JNB52rk&t=457s,space/positioning,"A team going first around a corner can still plan to kite in the midfight; its backline needs an offset position and a window, such as an opponent's key cooldown being spent.",conditional_rule,Orisa mirror example,automatic_caption_speaker_paraphrase,medium,high,Map and cooldown names in ASR are unreliable; inspect original video.,False,provisional
P4-012,pMPwEwNEiQA,What You're Missing on Genji,2024-11-14,00:01:55,00:02:58,115,178,https://www.youtube.com/watch?v=pMPwEwNEiQA&t=115s,attention/player,"After a successful Genji engage, the player should recheck enemy threats before chasing another kill; tunnel vision turns a favorable trade into a needless coin flip.",conditional_rule,Genji review,automatic_caption_speaker_paraphrase,high,high,Specific fight result is the speaker's interpretation.,False,provisional
P4-013,pMPwEwNEiQA,What You're Missing on Genji,2024-11-14,00:08:10,00:08:55,490,535,https://www.youtube.com/watch?v=pMPwEwNEiQA&t=490s,attention/player,"For Genji, tracking who is looking at him and when pressure shifts matters more than merely minimizing damage taken.",mechanism,Illustrated Genji play,automatic_caption_speaker_paraphrase,medium,high,Strong phrasing depends on replay scene; preserve as his heuristic.,False,provisional
P4-014,K6Ayz-NHVe4,How Korea Solved Overwatch,2024-11-23,00:01:30,00:02:45,90,165,https://www.youtube.com/watch?v=K6Ayz-NHVe4&t=90s,turns,He defines going first as choosing the engage and going second or baiting as allowing the opponent to commit before responding; hero and meta affect how those actions look.,definition,2024 analysis; his stated personal usage,automatic_caption_speaker_paraphrase,high,low,Compare later refinements of first/second terminology.,False,provisional
P4-015,K6Ayz-NHVe4,How Korea Solved Overwatch,2024-11-23,00:06:40,00:07:40,400,460,https://www.youtube.com/watch?v=K6Ayz-NHVe4&t=400s,space/setup,An effective bait setup preserves the ability to punish an incoming engage; simply kiting without ever standing ground to punish it misses the purpose.,conditional_rule,Illustrated Korean team defense,automatic_caption_speaker_paraphrase,high,high,Video needed to test whether the setup actually prevented the engage.,False,provisional
P4-016,MYW1ztAeDQc,Why do Dives Always Kill You,2025-04-30,00:00:55,00:01:55,55,115,https://www.youtube.com/watch?v=MYW1ztAeDQc&t=55s,dive/setup,"The expected outcome of a mirrored Winston–Tracer dive depends heavily on the quality of each dive's staging, rather than a fixed rule that the backline always lives or dies.",framework,Dive mirror hypothetical,automatic_caption_speaker_paraphrase,high,medium,Speaker recognizes player skill and ultimates as additional factors.,False,provisional
P4-017,MYW1ztAeDQc,Why do Dives Always Kill You,2025-04-30,00:04:05,00:05:42,245,342,https://www.youtube.com/watch?v=MYW1ztAeDQc&t=245s,dive/prevention,"Against a well-staged dive, reviewing only defensive cooldown execution is often too late; instead, prevent the Tracer angle or Winston jump from becoming favorable before walking up.",conditional_rule,Ana–Brigitte retake example,automatic_caption_speaker_paraphrase,high,high,The emphatic 'impossible to live' rhetoric is conditional on a genuinely good dive.,False,provisional
P4-018,MYW1ztAeDQc,Why do Dives Always Kill You,2025-04-30,00:10:00,00:11:40,600,700,https://www.youtube.com/watch?v=MYW1ztAeDQc&t=600s,dive/retake,"A wide retake route can clear or displace the dive setup, presenting the enemy Winston with a poor long-distance dive or a concession of space.",mechanism,Falcons retake example,automatic_caption_speaker_paraphrase,medium,high,Requires map and POV review before elevating to a general rule.,False,provisional
P4-019,E1bYy6OE_OQ,How to SEE Overwatch Like GEEKAY Esports,2025-07-02,00:00:45,00:01:39,45,99,https://www.youtube.com/watch?v=E1bYy6OE_OQ&t=45s,information/setup,"Before a good setup, teammates should maximize safe sight of the enemy; he distinguishes broad team sight from scouting a specific player.",definition,2025 Geekay analysis,automatic_caption_speaker_paraphrase,high,medium,"His term 'sight maxing' is local vocabulary, not a validated metric.",False,provisional
P4-020,E1bYy6OE_OQ,How to SEE Overwatch Like GEEKAY Esports,2025-07-02,00:02:00,00:03:20,120,200,https://www.youtube.com/watch?v=E1bYy6OE_OQ&t=120s,information/setup,"Poking far forward between fights can reveal the enemy's walk-up, after which a team can withdraw behind a corner while retaining information and denying the same view to its opponent.",mechanism,Geekay versus Nightmare illustration,automatic_caption_speaker_paraphrase,high,high,Visual inspection needed to verify visibility for each POV.,False,provisional
P4-021,LpxT2dykNK0,Lock Eyes and Fight,2025-06-12,00:00:40,00:01:40,40,100,https://www.youtube.com/watch?v=LpxT2dykNK0&t=40s,staging/space,The pre-fight staging phase is a contest over how each team shapes the fight; conceding angles and retreating only after the enemy has finished setting up can lose before the nominal engage.,framework,Korean versus Western example,automatic_caption_speaker_paraphrase,medium,high,Avoid turning regional rhetoric into a universal empirical claim.,False,provisional
P4-022,1OvQ5PAK0w0,Why Good Players Make Stupid Mistakes,2025-11-03,00:00:30,00:01:20,30,80,https://www.youtube.com/watch?v=1OvQ5PAK0w0&t=30s,review/attention,"Replay analysis should reconstruct what players could know and were prioritizing at the moment, rather than explain a death solely with hindsight.",method,2025 match review,automatic_caption_speaker_paraphrase,high,medium,Ascribes possible mental states; verify through player POV where possible.,False,provisional
P4-023,1OvQ5PAK0w0,Why Good Players Make Stupid Mistakes,2025-11-03,00:01:50,00:03:10,110,190,https://www.youtube.com/watch?v=1OvQ5PAK0w0&t=110s,review/attention,A postgame list of correct actions can be less useful than identifying the in-game attention process that prevented known actions from being executed under limited mental bandwidth.,method,Coaching and match review,automatic_caption_speaker_paraphrase,high,low,Distinct from denying value of tactical knowledge.,False,provisional
P4-024,1UNctVbRS3M,How To Win Without Doing Damage,2025-08-31,00:00:25,00:01:30,25,90,https://www.youtube.com/watch?v=1UNctVbRS3M&t=25s,composition/setup,"Low-damage double-flex DPS setups cannot rely as much on forcing tank cooldowns or long-range picks; they depend more on pathing, scouting, and avoiding head-on contests.",conditional_rule,Specific double-flex DPS composition discussion,automatic_caption_speaker_paraphrase,medium,high,Patch and composition context must be checked before generalizing.,False,provisional
P4-025,1UNctVbRS3M,How To Win Without Doing Damage,2025-08-31,00:01:30,00:02:55,90,175,https://www.youtube.com/watch?v=1UNctVbRS3M&t=90s,cooldowns/tempo,"A DPS may yield an angle to an opponent's clearing attempt, preserving own resources; the opponent's spent movement and subsequent retreat become a window to re-enter.",mechanism,Specific Genji/D.Va illustration,automatic_caption_speaker_paraphrase,medium,high,Counterplay depends on exact paths and cooldown state.,False,provisional
P4-026,aHwWbiUE4KQ,Ultimate Economy Does Not Matter,2026-01-08,00:00:00,00:01:35,0,95,https://www.youtube.com/watch?v=aHwWbiUE4KQ&t=0s,ultimate_economy,"Ultimate economy still exists, but he argues it generally carries less explanatory weight in Overwatch 2 than in Overwatch 1; he explicitly exempts some D.Va, Zarya, and Symmetra compositions.",qualified_thesis,2026-01 analysis; composition and meta dependent,automatic_caption_speaker_paraphrase,high,low,Title is deliberately stronger than the actual spoken claim.,False,provisional
P4-027,aHwWbiUE4KQ,Ultimate Economy Does Not Matter,2026-01-08,00:01:40,00:04:10,100,250,https://www.youtube.com/watch?v=aHwWbiUE4KQ&t=100s,ultimate_economy,"More individual playmaking, splits, and messy trades can let a team win despite spending or facing an apparent ultimate deficit.",mechanism,Overwatch 2 versus Overwatch 1 argument,automatic_caption_speaker_paraphrase,medium,high,Match outcome examples have not been independently checked.,False,provisional
P4-028,aHwWbiUE4KQ,Ultimate Economy Does Not Matter,2026-01-08,00:04:25,00:06:40,265,400,https://www.youtube.com/watch?v=aHwWbiUE4KQ&t=265s,ultimate_economy/space,"Spacing the backline while a sturdier front line shows can draw an enemy ultimate and permit a kite, making the opponent's stored ultimate less decisive.",mechanism,Specific bait example; more mobile OW2 context,automatic_caption_speaker_paraphrase,medium,high,Visual review required for the actual spacing and timing.,False,provisional
P4-029,aHwWbiUE4KQ,Ultimate Economy Does Not Matter,2026-01-08,00:07:20,00:09:15,440,555,https://www.youtube.com/watch?v=aHwWbiUE4KQ&t=440s,ultimate_economy/objective,"Winning a fight can generate later ultimate charge and next-fight setup; losing a fight creates a retake burden, so counting only ultimates spent omits these state changes.",mechanism,Meta dependent; his third reason,automatic_caption_speaker_paraphrase,high,medium,Numerical charge examples should be checked visually.,False,provisional
P4-030,Hl-nV1aF1yE,Back Up to Go Forward,2026-01-26,00:00:55,00:02:40,55,160,https://www.youtube.com/watch?v=Hl-nV1aF1yE&t=55s,space/tempo,"When a direct push through a prepared Sig/Bastion and Mei defense is unworkable, backing out early can hide a new route and create a later push opportunity.",conditional_rule,Specific map and composition situation,automatic_caption_speaker_paraphrase,high,high,Do not generalize as retreating whenever pushing is hard.,False,provisional
P4-031,Hl-nV1aF1yE,Back Up to Go Forward,2026-01-26,00:03:10,00:05:10,190,310,https://www.youtube.com/watch?v=Hl-nV1aF1yE&t=190s,space/tempo,Early voluntary withdrawal while cooldowns and distance remain differs from backing up after poke has forced a retreat; the latter can allow pursuit and further loss of space.,distinction,Explicit response to possible tension with prior 'Lock Eyes and Fight' video,automatic_caption_speaker_paraphrase,high,high,Speaker himself flags and reconciles the apparent contradiction.,False,provisional
P4-032,Hl-nV1aF1yE,Back Up to Go Forward,2026-01-26,00:05:45,00:06:45,345,405,https://www.youtube.com/watch?v=Hl-nV1aF1yE&t=345s,space/tempo,"After spending an unsuccessful first turn, a team can retreat before the opponent closes, retain room to act, and regain the initiative for a later turn.",mechanism,Twisted Minds example,automatic_caption_speaker_paraphrase,medium,high,Outcome and spacing need visual verification.,False,provisional
P4-033,KlcWDgdXrZk,Playing Second: The Mind Control Warfare of Team Falcons,2026-03-08,00:00:00,00:01:38,0,98,https://www.youtube.com/watch?v=KlcWDgdXrZk&t=0s,turns/vocabulary,First and second are useful descriptions of timing but poor instructions on their own; playing second requires flexible coverage of possible opponent decisions.,framework,2026 Falcons–Crazy Raccoon match,automatic_caption_speaker_paraphrase,high,high,Refines the 2023–2024 vocabulary without rejecting it.,False,provisional
P4-034,KlcWDgdXrZk,Playing Second: The Mind Control Warfare of Team Falcons,2026-03-08,00:02:15,00:06:05,135,365,https://www.youtube.com/watch?v=KlcWDgdXrZk&t=135s,turns/opponent_model,"A team seeking to play second may intentionally offer a cooldown trade or punishable position to induce a predictable opponent commitment, then arrange a counter-engage.",mechanism,Falcons examples,automatic_caption_speaker_paraphrase,high,high,Speaker also shows this can fail; see P4-035.,False,provisional
P4-035,KlcWDgdXrZk,Playing Second: The Mind Control Warfare of Team Falcons,2026-03-08,00:10:35,00:12:15,635,735,https://www.youtube.com/watch?v=KlcWDgdXrZk&t=635s,turns/counterplay,The first-moving team can accept such bait if it responds quickly and coherently; a second-moving team that spends cooldowns to bait and then merely mirrors the same engage risks losing the cooldown trade.,counterexample,Falcons–Crazy Raccoon later fight,automatic_caption_speaker_paraphrase,high,high,Prevents treating P4-034 as an always-win rule.,False,provisional
P4-036,GKkzCd9cvUg,Ult Economy Might Be Real,2026-04-09,00:01:50,00:03:00,110,180,https://www.youtube.com/watch?v=GKkzCd9cvUg&t=110s,ultimate_economy,In the later follow-up he maintains that spending multiple support ultimates to win can be acceptable; the reviewed failure was spending them while losing and without a viable post-fight setup.,clarification,2026-04 follow-up to 2026-01 thesis,automatic_caption_speaker_paraphrase,high,high,Explicitly distinguishes ult spending from failure to win a fight.,False,provisional
P4-037,GKkzCd9cvUg,Ult Economy Might Be Real,2026-04-09,00:03:50,00:05:50,230,350,https://www.youtube.com/watch?v=GKkzCd9cvUg&t=230s,ultimate_economy/positioning,"In the reviewed Zenyatta–Brigitte fight, he prefers a wide swing and kiting the opposing response rather than committing into it with both support ultimates.",case_judgment,"Specific match, may depend on cooldown tracking",automatic_caption_speaker_paraphrase,medium,high,He acknowledges uncertainty about exact ult tracking.,False,provisional
P4-038,GKkzCd9cvUg,Ult Economy Might Be Real,2026-04-09,00:06:30,00:07:55,390,475,https://www.youtube.com/watch?v=GKkzCd9cvUg&t=390s,ultimate_economy/setup,A point flip is insufficient if the team clusters on point and lacks angles or a pinch for the next touch; the quality of the resulting setup matters more than the count of ultimates spent.,case_judgment,Specific post-ultimate retake,automatic_caption_speaker_paraphrase,high,high,Visually validate positioning and outcome.,False,provisional
P4-039,KLwLiiYYewQ,DON'T hold the choke?,2026-07-08,00:00:00,00:00:51,0,51,https://www.youtube.com/watch?v=KLwLiiYYewQ&t=0s,information/space,Poking past a choke before backing up can locate the opponent and preserve initiative; simply holding the choke can permit the enemy to arrange its own play.,conditional_rule,One short 2026 commentary clip,automatic_caption_speaker_paraphrase,medium,high,Short clip; not enough context for a universal rule.,False,provisional
P4-040,_pv_dhja-4w,You're Never Going to Learn,2026-09-29,00:02:15,00:05:05,135,305,https://www.youtube.com/watch?v=_pv_dhja-4w&t=135s,learning/method,"For players below the highest level, he recommends deliberate observation of real games over relying on first-principles mental simulation of an extremely complex game.",method,2026-09 learning advice; explicitly qualified for top experts,automatic_caption_speaker_paraphrase,high,low,"Rhetorical ranking advice, not a measured learning experiment.",False,provisional
P4-041,_pv_dhja-4w,You're Never Going to Learn,2026-09-29,00:05:10,00:09:15,310,555,https://www.youtube.com/watch?v=_pv_dhja-4w&t=310s,learning/method,"He recommends writing a detailed record of a pro replay to expose unnoticed events and patterns, then comparing a closely matched own replay to identify differences.",method,"Serious, time-intensive practice proposal",automatic_caption_speaker_paraphrase,high,low,He admits the three-step scheme was improvised; do not invent a missing step.,False,provisional
P4-042,_pv_dhja-4w,You're Never Going to Learn,2026-09-29,00:10:20,00:11:30,620,690,https://www.youtube.com/watch?v=_pv_dhja-4w&t=620s,learning/evidence,"When testing a tactical disagreement, seek several closely comparable real examples and check for confounds rather than relying only on hypothetical arguments.",method,Non-expert learning and team discussion,automatic_caption_speaker_paraphrase,high,low,Consistent with P4-022 but a distinct claim about evidence.,False,provisional
P4-043,XXrcVGWBmo4,Do This to be a Top 5 Brig in NA #overwatch2 #gaming #overwatchclips #ow2,2024-11-13,00:00:00,00:00:38,0,38,https://www.youtube.com/watch?v=XXrcVGWBmo4&t=0s,support/peel,Brigitte should shield an allied Cassidy using Deadeye and counter-bash an enemy Rally attempt that would interrupt him.,conditional_rule,Specific Brigitte–Cassidy ultimate interaction,automatic_caption_speaker_paraphrase,high,high,Short clip; corroborate exact interaction and positioning visually.,False,provisional
P4-044,nddeTxFzT6Q,How to Play the Easiest Role in Overwatch (Hitscan),2024-11-19,00:00:45,00:01:52,45,112,https://www.youtube.com/watch?v=nddeTxFzT6Q&t=45s,hitscan/role,Hitscan must pressure the enemy tank's advance while remaining difficult to trade; raw aim alone does not resolve the tension between damage and survival.,framework,Tank-focused neutral in the illustrated composition,automatic_caption_speaker_paraphrase,medium,medium,Automatic captions are unusually garbled in this video; validate wording against audio.,False,provisional
P4-045,nddeTxFzT6Q,How to Play the Easiest Role in Overwatch (Hitscan),2024-11-19,00:10:35,00:12:00,635,720,https://www.youtube.com/watch?v=nddeTxFzT6Q&t=635s,hitscan/positioning,"When a teammate forces a tank cooldown, the hitscan need not follow the frontline into reach; maintaining a safe firing angle can exploit the advantage without becoming the easiest trade.",conditional_rule,Illustrated Orisa cooldown exchange,automatic_caption_speaker_paraphrase,medium,high,ASR and exact player names unreliable; verify visual example.,False,provisional
P4-046,V-Y0hBOI1yY,Why You Suck at the Easiest Tank,2024-11-20,00:01:30,00:02:55,90,175,https://www.youtube.com/watch?v=V-Y0hBOI1yY&t=90s,tank/resource,"In the then-current Mauga mirror, retaining armor changes the sustain versus incoming damage trade; engaging before armor is restored can make a tank suddenly punishable.",conditional_rule,"2024 Mauga meta, with team healing available",automatic_caption_speaker_paraphrase,medium,high,Patch dependent and rhetorical numerical claims are not independently measured.,False,provisional
P4-047,V-Y0hBOI1yY,Why You Suck at the Easiest Tank,2024-11-20,00:08:50,00:10:25,530,625,https://www.youtube.com/watch?v=V-Y0hBOI1yY&t=530s,tank/tempo,"A soft Mauga charge through an angle and back toward safety can create neutral pressure while preserving an exit, unlike committing the charge into the entire enemy team.",mechanism,Specific Mauga neutral and matchup,automatic_caption_speaker_paraphrase,high,high,Exact route and punishability require video.,False,provisional
P4-048,V-Y0hBOI1yY,Why You Suck at the Easiest Tank,2024-11-20,00:10:35,00:12:05,635,725,https://www.youtube.com/watch?v=V-Y0hBOI1yY&t=635s,tank/ultimate,"A Mauga cage need not contain all five opponents; splitting frontline from support, or catching a reachable target without losing armor on entry, can be more valuable than an exposed five-person cage.",conditional_rule,Specific cage examples in 2024 meta,automatic_caption_speaker_paraphrase,high,high,The fight outcome is the speaker's evaluation.,False,provisional
P4-049,XhcF5IzJDq4,Why are you Such an Unlucky Brig Player?,2024-12-02,00:03:20,00:06:05,200,365,https://www.youtube.com/watch?v=XhcF5IzJDq4&t=200s,support/positioning,"A Brigitte can walk in on a teammate's cooldown trigger and withdraw before taking damage, reducing exposure to the next enemy engage and preserving midfight options.",conditional_rule,2024 Mauga–Brigitte example,automatic_caption_speaker_paraphrase,high,high,"His 'unluckiness meter' is a metaphor for accumulating exposure, not a quantified probability.",False,provisional
P4-050,STbH6hH8emk,Are you Smart Enough to Play Echo?,2024-12-04,00:02:25,00:03:58,145,238,https://www.youtube.com/watch?v=STbH6hH8emk&t=145s,echo/cooldowns,"When the opposing Echo spends flight without gaining value, a saved flight can be used to threaten her or zone a Juno, changing which side can contribute to the frontline fight.",mechanism,Echo mirror in specified composition,automatic_caption_speaker_paraphrase,high,high,Visual check needed to see whether flight was actually unpunishable and what was zoned.,False,provisional
P4-051,STbH6hH8emk,Are you Smart Enough to Play Echo?,2024-12-04,00:04:10,00:05:15,250,315,https://www.youtube.com/watch?v=STbH6hH8emk&t=250s,echo/fight_plan,"Echo's target choice follows the team's intended fight: help force frontline cooldowns in a front-to-back fight, or reach a genuinely exposed backline when the frontline contest cannot succeed on its own.",conditional_rule,2024 Mauga–Reaper–Echo match context,automatic_caption_speaker_paraphrase,high,medium,Keep target-selection conditions; do not turn into universal hero advice.,False,provisional
P4-052,STbH6hH8emk,Are you Smart Enough to Play Echo?,2024-12-04,00:08:35,00:11:05,515,665,https://www.youtube.com/watch?v=STbH6hH8emk&t=515s,echo/discipline,Preserving flight until the backline becomes reachable or the opposing Echo must make a play can protect a favored frontline fight; flying upward merely for extra poke can forfeit that option.,conditional_rule,Illustrated cage/Reaper ultimate fights,automatic_caption_speaker_paraphrase,high,high,Requires visual verification and patch context.,False,provisional
P4-053,QvMsOy1wFr4,How NRG Won (And Lost) Overwatch Rock Paper Scissors,2024-12-08,00:09:35,00:10:05,575,605,https://www.youtube.com/watch?v=QvMsOy1wFr4&t=575s,ultimate_economy,"When losing the retake would snowball into charge and objective disadvantage, spending two or even three ultimates to secure one fight can be justified.",conditional_rule,Specific NRG retake; not a blanket ratio,automatic_caption_speaker_paraphrase,high,high,Important earlier evidence for the later qualified ult-economy thesis.,False,provisional
P4-054,QvMsOy1wFr4,How NRG Won (And Lost) Overwatch Rock Paper Scissors,2024-12-08,00:12:10,00:13:15,730,795,https://www.youtube.com/watch?v=QvMsOy1wFr4&t=730s,bait/pressure,"If both teams wait to go second, the team without objective control must apply frontline pressure or create angles to force an opponent decision; a safely positioned backline alone does nothing.",conditional_rule,NRG example with objective pressure,automatic_caption_speaker_paraphrase,high,high,Compare first/second definitions and specific fight geometry.,False,provisional
P4-055,QvMsOy1wFr4,How NRG Won (And Lost) Overwatch Rock Paper Scissors,2024-12-08,00:21:50,00:23:10,1310,1390,https://www.youtube.com/watch?v=QvMsOy1wFr4&t=1310s,tempo/engage,"A fast composition need not constantly move at maximum pace; it can delay, observe the opposing setup, and accelerate when the chosen trigger appears.",definition,Illustrated NRG engage,automatic_caption_speaker_paraphrase,high,medium,His acceleration analogy is qualitative.,False,provisional
P4-056,p609brPyPzg,How to Play Overwatch's Wolverine Copy (Hazard),2024-12-16,00:01:25,00:02:20,85,140,https://www.youtube.com/watch?v=p609brPyPzg&t=85s,hazard/micro,Hazard's wall climb can improve scouting and the angle for placing a wall behind an opponent before a slash engage.,mechanism,"Newly released Hazard, 2024 example",automatic_caption_speaker_paraphrase,high,high,Hero kit and patch dependent; verify wall geometry.,False,provisional
P4-057,p609brPyPzg,How to Play Overwatch's Wolverine Copy (Hazard),2024-12-16,00:10:50,00:13:20,650,800,https://www.youtube.com/watch?v=p609brPyPzg&t=650s,hazard/fight_plan,"In a mirrored Hazard backline trade, choose between stalling the enemy backline and reaching for a kill according to whether one's own team can survive and punish the opposing engage.",conditional_rule,Hazard mirror and team setup,automatic_caption_speaker_paraphrase,high,high,Speaker presents contingent options rather than one fixed dive rule.,False,provisional
P4-058,GYBpp0KM5-Q,Why Hero Bans Don't Work Against Crazy Raccoon (Overwatch SOOP Cup),2025-01-06,00:02:50,00:05:45,170,345,https://www.youtube.com/watch?v=GYBpp0KM5-Q&t=170s,draft/composition,Banning a support can force an opponent to choose between preserving a desired hero with a weaker support partner and changing the whole support line and composition playstyle.,mechanism,Early 2025 hero-ban context; named support pairings are patch specific,automatic_caption_speaker_paraphrase,high,medium,"His prediction that support bans dominate is a hypothesis, not a validated tournament result.",False,provisional
P4-059,GYBpp0KM5-Q,Why Hero Bans Don't Work Against Crazy Raccoon (Overwatch SOOP Cup),2025-01-06,00:12:15,00:14:25,735,865,https://www.youtube.com/watch?v=GYBpp0KM5-Q&t=735s,support/dive,A Kiriko–Lucio backline should plan a teleport destination away from a second diver before the first diver forces the movement; teammates can position to provide that safe target.,conditional_rule,Hazard–Genji dive example,automatic_caption_speaker_paraphrase,high,high,Path and second-diver position require replay confirmation.,False,provisional
P4-060,cXnFhS2l47g,How the Best NA OWCS Team Got Their Revenge,2025-03-28,00:01:25,00:02:45,85,165,https://www.youtube.com/watch?v=cXnFhS2l47g&t=85s,adaptation/setup,"A strong setup can deny the other team's staging routes, leaving its own engage timing and micro as the second part of a simple fight plan.",case_judgment,Rad versus Nightmare early matchup,automatic_caption_speaker_paraphrase,high,high,"Narrator's reconstruction, not an independently verified match mechanism.",False,provisional
P4-061,cXnFhS2l47g,How the Best NA OWCS Team Got Their Revenge,2025-03-28,00:14:00,00:16:55,840,1015,https://www.youtube.com/watch?v=cXnFhS2l47g&t=840s,adaptation/spacing,"Against a coordinated swing at Hazard, starting farther from the corner can force opponents to cross open space; if they instead rotate or split, Hazard regains an engage opportunity.",case_judgment,Nightmare rematch adaptation versus Liquid,automatic_caption_speaker_paraphrase,high,high,Crucial example of changing the opponent's available options; map-dependent.,False,provisional
P4-062,vNp9kRvOjKA,You're Not Trying That Hard,2025-04-23,00:03:00,00:07:00,180,420,https://www.youtube.com/watch?v=vNp9kRvOjKA&t=180s,learning/effort,"He argues that an ambitious player should practice at the standard of the next level before receiving its opportunity, while explicitly exempting those playing for enjoyment and conceding unusual constraints can exist.",coaching_thesis,"Advice to competitive aspirants, not a gameplay law",automatic_caption_speaker_paraphrase,high,low,Preserve the qualification from later in the passage and avoid treating career outcomes as measured facts.,False,provisional
P4-063,n-t2m7R_Gho,The Gang Watches Geekay vs Liquid (NA OWCS),2025-06-02,00:12:15,00:13:15,735,795,https://www.youtube.com/watch?v=n-t2m7R_Gho&t=735s,dive/prevention,Allowing an opposing Winston multiple staging jumps without contesting him or changing the team's route can hand him a favorable dive setup.,case_judgment,Live Geekay–Liquid commentary,automatic_caption_speaker_paraphrase,medium,high,Entertainment-heavy stream; do not extract his insults as evidence.,False,provisional
P4-064,GIY_4hD9_M8,How T1 Beat the Best Overwatch Team in the World,2025-06-04,00:39:10,00:41:05,2350,2465,https://www.youtube.com/watch?v=GIY_4hD9_M8&t=2350s,dive/setup,A tank's strong clearing jump creates only a short window; DPS must take a matching angle at that time rather than letting the opposing dive restage uncontested.,case_judgment,"T1–Crazy Raccoon review, specific composition",automatic_caption_speaker_paraphrase,medium,high,Live commentary; several proper names and hero terms are misrecognized.,False,provisional
P4-065,SJdCkYn6Is0,Donghak Theory: How to Carry With no Help,2025-06-20,00:00:35,00:02:45,35,165,https://www.youtube.com/watch?v=SJdCkYn6Is0&t=35s,tank/micro,The first dive target has defensive abilities to outplay; Winston can use bubble placement and timed movement to draw or dodge sleep and a boop before reaching for a kill.,mechanism,"Donghak example, Ana–Brigitte backline",automatic_caption_speaker_paraphrase,high,high,Timing and actual cooldown usage require enemy POV review.,False,provisional
P4-066,SJdCkYn6Is0,Donghak Theory: How to Carry With no Help,2025-06-20,00:06:25,00:07:50,385,470,https://www.youtube.com/watch?v=SJdCkYn6Is0&t=385s,tank/micro,"Against another support pairing, the same general task of drawing defensive tools changes its implementation: a Ball engage may bait a boop or flash before slamming.",conditional_rule,Illustrated Ball versus Lucio–Kiriko–Cassidy,automatic_caption_speaker_paraphrase,high,high,"Different kit, same response-contingent mechanism; patch dependent.",False,provisional
P4-067,xabIcyolpJA,How to Make Plays Like the Best Freja (Kronik),2025-07-11,00:01:55,00:05:00,115,300,https://www.youtube.com/watch?v=xabIcyolpJA&t=115s,dps/positioning,"Leaving an angle before opponents force the exit buys more distance and time, allowing a burst DPS to reappear from another angle with fresh pick chances.",mechanism,Freja duel and rotation examples,automatic_caption_speaker_paraphrase,high,high,"Narrator's interpretation of repeated positions, visually unverified.",False,provisional
P4-068,xabIcyolpJA,How to Make Plays Like the Best Freja (Kronik),2025-07-11,00:04:55,00:05:50,295,350,https://www.youtube.com/watch?v=xabIcyolpJA&t=295s,dps/target_choice,"When a favored duel is unavailable, a DPS can still contribute frontline damage and cooldown pressure instead of forcing an unwinnable duel.",conditional_rule,Freja example,automatic_caption_speaker_paraphrase,high,medium,Preserve the role's alternate job.,False,provisional
P4-069,x5ej22cA7G0,I HATE Coaching.,2025-07-14,00:06:20,00:08:20,380,500,https://www.youtube.com/watch?v=x5ej22cA7G0&t=380s,learning/questions,"A useful coaching question should show what the student has tried and isolate a specific obstacle, so the coach can answer the actual problem rather than first discovering it.",method,Coaching communication,automatic_caption_speaker_paraphrase,high,low,Distinguish actionable advice from surrounding venting.,False,provisional
P4-070,vu4KmVKp2f0,How Do You Beat Symmetra Cheese Comps?,2025-08-10,00:00:35,00:01:55,35,115,https://www.youtube.com/watch?v=vu4KmVKp2f0&t=35s,symmetra/teleport,"Symmetra teleport can enable a direct brawl, an angle or angle clear, or a larger rotation; the defense must identify and reduce the valuable options before activation.",framework,2025 tournament matchups,automatic_caption_speaker_paraphrase,high,high,The first half enumerates TP types; the example requires visual check.,False,provisional
P4-071,vu4KmVKp2f0,How Do You Beat Symmetra Cheese Comps?,2025-08-10,00:02:05,00:03:00,125,180,https://www.youtube.com/watch?v=vu4KmVKp2f0&t=125s,symmetra/counterplay,Trying merely to survive a well-positioned teleport can already concede the fight's space and initiative; contest its setup or force a poorer teleport earlier.,case_judgment,Crazy Raccoon versus Twisted Minds,automatic_caption_speaker_paraphrase,high,high,"Specific match and composition, not universal TP outcome.",False,provisional
P4-072,vu4KmVKp2f0,How Do You Beat Symmetra Cheese Comps?,2025-08-10,00:06:30,00:09:00,390,540,https://www.youtube.com/watch?v=vu4KmVKp2f0&t=390s,draft/counterplay,A counter composition must repeatedly deny or punish teleports across cooldown cycles; a dive that can only contest the first TP and then needs lengthy restaging may lose the continuing map fight.,mechanism,Ball–Venture–Freja versus Symmetra example,automatic_caption_speaker_paraphrase,high,high,"Cycle timing, map, and match outcome need visual audit.",False,provisional
P4-073,aNBstKtsPms,Australians CAN Coach? (Joybait),2025-09-04,00:02:40,00:03:50,160,230,https://www.youtube.com/watch?v=aNBstKtsPms&t=160s,hitscan/positioning,"If a team chooses an early fight, the hitscan should already have an effective angle before the enemy engage reaches his preferred spot, rather than entering late beside the tank.",case_judgment,Reaction to another coach's Sojourn review,automatic_caption_speaker_paraphrase,medium,high,Two speakers; this row paraphrases Capitology's added interpretation.,False,provisional
P4-074,aNBstKtsPms,Australians CAN Coach? (Joybait),2025-09-04,00:04:55,00:06:30,295,390,https://www.youtube.com/watch?v=aNBstKtsPms&t=295s,hitscan/positioning,Avoiding death by hiding too far away can make a hitscan unable to contest space; a useful retreat path should preserve a safe angle and future contribution.,qualified_rule,Sojourn versus dive example,automatic_caption_speaker_paraphrase,medium,high,"ASR rough, but the distinction is repeated clearly.",False,provisional
P4-075,ln2t2rl1KYw,How to Enter the Pocket,2025-09-10,00:01:20,00:03:00,80,180,https://www.youtube.com/watch?v=ln2t2rl1KYw&t=80s,range/engage,"He calls the opponent's effective reach the pocket: before entering it, a team should know what it will threaten, what can hit back, and how it will mitigate that response.",definition,Boxing analogy applied to Overwatch staging,automatic_caption_speaker_paraphrase,high,medium,"The pocket is contextual, not a fixed distance.",False,provisional
P4-076,ln2t2rl1KYw,How to Enter the Pocket,2025-09-10,00:10:20,00:12:50,620,770,https://www.youtube.com/watch?v=ln2t2rl1KYw&t=620s,range/engage,"Scouting and a forced enemy cooldown can justify entering the pocket with a planned response, while an unscouted five-person walk-in may spend resources before achieving useful positioning.",conditional_rule,Specific team review,automatic_caption_speaker_paraphrase,high,high,Ultimates and composition can alter when brute force is viable.,False,provisional
P4-077,2X_yEWyNms0,How I Would Fix Overwatch (As A Former Pro),2025-09-23,00:01:45,00:03:20,105,200,https://www.youtube.com/watch?v=2X_yEWyNms0&t=105s,game_design/meta,"He argues balance decisions should consider role-wide alternatives and composition effects, since nerfing one high-performing hero may miss why a whole role category dominates.",design_opinion,"2025 patch commentary, not an observed strategic law",automatic_caption_speaker_paraphrase,high,low,Patch-specific opinion; separate from tactical claims.,False,provisional
P4-078,LSrm0ocaS1Q,The Secret Rules to Pro Aim,2025-11-15,00:01:05,00:02:55,65,175,https://www.youtube.com/watch?v=LSrm0ocaS1Q&t=65s,aim/decision,He distinguishes anticipatory aim based on movement patterns from relying mainly on raw cursor correction; he presents anticipation as a more teachable route to consistent high-level hitscan duels.,framework,His theory-versus-raw-aim interpretation,automatic_caption_speaker_paraphrase,medium,high,"Inferred attention from replay, not measured cognition; he admits uncertainty about specific shots.",False,provisional
P4-079,LSrm0ocaS1Q,The Secret Rules to Pro Aim,2025-11-15,00:08:00,00:10:10,480,610,https://www.youtube.com/watch?v=LSrm0ocaS1Q&t=480s,aim/decision,"In a duel, cutting off an ongoing strafe and waiting for a likely return strafe are alternative shot plans; overusing the wait can give a dangerous opponent free shots.",conditional_rule,Long-range Cassidy duel example,automatic_caption_speaker_paraphrase,high,high,Requires frame-level confirmation for actual crosshair and movement.,False,provisional
P4-080,sqtmsbHxrLE,Symm is NOT Meta... Twisted Minds are Just Better,2025-12-08,00:03:35,00:04:55,215,295,https://www.youtube.com/watch?v=sqtmsbHxrLE&t=215s,meta/adaptation,"He disputes the inference that a tournament-winning Symmetra lineup must be universally best; a match is a snapshot of team preparation, skill, and specific composition choices.",qualified_thesis,Late 2025 tournament retrospective,automatic_caption_speaker_paraphrase,high,medium,His comparative team-skill judgment remains his opinion.,False,provisional
P4-081,AcAxvnAEYpg,How Are Old OWL Players Still So Good?,2025-11-06,00:12:00,00:14:10,720,850,https://www.youtube.com/watch?v=AcAxvnAEYpg&t=720s,turns/window_size,"A small opponent cooldown window may warrant taking an angle or some map space, not an all-in team engage; choosing who can use the window is as important as noticing it.",conditional_rule,D.Va flight example in team review,automatic_caption_speaker_paraphrase,high,high,Relates to later 'first/second' refinement.,False,provisional
P4-082,Y4ORvoqZ1P0,How Far Has NA Fallen,2025-12-11,00:03:50,00:05:35,230,335,https://www.youtube.com/watch?v=Y4ORvoqZ1P0&t=230s,turns/roles,A frontline window can be exploited by distant backline support without the support stepping into engage range; misreading whose turn it is can sacrifice a favorable fight.,case_judgment,Specific late 2025 dive/teleport example,automatic_caption_speaker_paraphrase,medium,high,ASR hero names unclear; visual review needed.,False,provisional
P4-083,M8393UkZxjY,Why Does Team Liquid Evaporate on Stage,2025-12-19,00:14:00,00:16:25,840,985,https://www.youtube.com/watch?v=M8393UkZxjY&t=840s,dps/timing,Taking an obvious high-value flank too early allows opponents to clear it; delaying that position until a fight begins can make the same angle harder to deny.,conditional_rule,Echo/Genji review against teleport composition,automatic_caption_speaker_paraphrase,medium,high,ASR is partially garbled; compare with P4-067 and P4-084.,False,provisional
P4-084,jSCHyAWoUjc,Rokit Makes Vendetta Look Broken,2025-12-21,00:04:45,00:06:05,285,365,https://www.youtube.com/watch?v=jSCHyAWoUjc&t=285s,dps/timing,"A burst DPS can start flexibly for scouting and route choice, then move quickly to the valuable flank after enemy movement reveals the fight, avoiding an early clear or bypass.",conditional_rule,Vendetta example; also references Echo play,automatic_caption_speaker_paraphrase,high,high,Specific geometry and timing require replay.,False,provisional
P4-085,jSCHyAWoUjc,Rokit Makes Vendetta Look Broken,2025-12-21,00:03:10,00:04:20,190,260,https://www.youtube.com/watch?v=jSCHyAWoUjc&t=190s,dps/pressure,"If opponents repeatedly space a threatened engage, taking the conceded space and delaying the engage can be better than forcing it; shooting the tank with teammates remains an option when angles are unnecessary.",conditional_rule,Vendetta neutral discussion,automatic_caption_speaker_paraphrase,high,medium,Counters a simplistic always-flank reading.,False,provisional
P4-086,t1dnez3yuZ4,"Dva is Broken, so Why Aren't We Winning?",2025-12-14,00:08:30,00:09:20,510,560,https://www.youtube.com/watch?v=t1dnez3yuZ4&t=510s,ultimate_economy/timing,A team that plans to answer the opponent's ultimate with a nearly charged defensive ultimate may need to farm the final charge before committing its own entry.,case_judgment,Specific Lucio Beat and Graviton sequence,automatic_caption_speaker_paraphrase,medium,high,Contextual counterexample to any slogan that ult economy never matters.,False,provisional
P4-087,TOaKp3Z44ho,THEY COULDN'T SURVIVE IN THE WEST... SO THEY RAN TO KOREA.,2025-09-15,00:00:35,00:01:52,35,112,https://www.youtube.com/watch?v=TOaKp3Z44ho&t=35s,information/marking,"In a Ball–Tracer–Sombra matchup, losing track of the enemy backline rotation while attending to another threat can let that group pass a defensive hold for free.",case_judgment,Entertainment-heavy live commentary,automatic_caption_speaker_paraphrase,low,high,"Provisional, rough ASR and rapid banter; watch before promotion.",False,provisional
P4-088,FjoWkH6Sl1k,How Good is the New Tier 2?,2026-01-21,00:11:15,00:13:00,675,780,https://www.youtube.com/watch?v=FjoWkH6Sl1k&t=675s,review/diagnosis,"He separates a sensible split and setup from the later execution errors that lost an example fight, resisting a wholesale rejection of the initial plan after the result.",method,Tier-two live review,automatic_caption_speaker_paraphrase,medium,high,"Judgment of a single fight, needs visual audit.",False,provisional
P4-089,mXrTyliwJTI,HE HID FOR 14 SECONDS??,2026-04-16,00:00:00,00:01:00,0,60,https://www.youtube.com/watch?v=mXrTyliwJTI&t=0s,hitscan/patience,"A hitscan can delay a shot and stay concealed to retain surprise until a better follow-up appears, rather than firing at the first visible target.",case_judgment,One-minute reaction clip,automatic_caption_speaker_paraphrase,low,high,Context missing; do not generalize without footage.,False,provisional
P4-090,AtmKIdmLLQ8,At Least We Won ONE Match,2026-04-17,00:08:15,00:09:30,495,570,https://www.youtube.com/watch?v=AtmKIdmLLQ8&t=495s,review/hindsight,"A roster or draft decision should be evaluated using information available before the match, rather than its observed outcome alone.",method,Roster selection commentary,automatic_caption_speaker_paraphrase,high,low,Distinct from actual claim that any specific roster choice was correct.,False,provisional
P4-091,ijlmDdVIdtk,The New Dallas Fuel Can't Stop Winning,2026-04-27,00:01:10,00:02:35,70,155,https://www.youtube.com/watch?v=ijlmDdVIdtk&t=70s,composition/aggro_balance,"He frames a contemporary Winston double-flex composition as multiple splits balancing attention: the pressured split yields, the others press, and high-level fights may repeat this exchange over several turns.",framework,2026 team-composition analysis,automatic_caption_speaker_paraphrase,high,high,Terminology and composition are era dependent; compare 2023 split-core account.,False,provisional
P4-092,ijlmDdVIdtk,The New Dallas Fuel Can't Stop Winning,2026-04-27,00:12:50,00:15:00,770,900,https://www.youtube.com/watch?v=ijlmDdVIdtk&t=770s,bait/counterplay,"Offering a punishable teammate can steer an opponent's decision but may cost a death; teams can adapt by declining the bait and conceding some space, with different subsequent risks.",case_judgment,Dallas Fuel–SSG review,automatic_caption_speaker_paraphrase,medium,high,He explicitly leaves which style is better unresolved.,False,provisional
P4-093,prUv2eNrGD0,The 5 Levels of Sojourn: Diamond to Pro (Ft. PGE),2026-06-08,00:17:00,00:20:05,1020,1205,https://www.youtube.com/watch?v=prUv2eNrGD0&t=1020s,hitscan/development,"Across a small matched-map Sojourn sample, he observes progression in pre-fight poke, changing angles, scouting rotations, farming rail, and looking quickly for picks; the comparison is illustrative, not a controlled rank study.",observational_pattern,Five selected players from Diamond to pro,automatic_caption_speaker_paraphrase,high,high,Guest speech is present; this row paraphrases the narrator's comparisons.,False,provisional
P4-094,prUv2eNrGD0,The 5 Levels of Sojourn: Diamond to Pro (Ft. PGE),2026-06-08,00:24:20,00:25:50,1460,1550,https://www.youtube.com/watch?v=prUv2eNrGD0&t=1460s,hitscan/decision,The pro player describes farming rail from the tank and quickly scanning for exposed targets; the narrator highlights the speed of that transition as a higher-level distinction.,observational_pattern,Sojourn pro interview; narrator interpretation plus guest report,automatic_caption_speaker_paraphrase,medium,high,Preserve speaker attribution; check footage for each alleged opportunity.,False,provisional
P4-095,N5fHwbNE-SQ,Dallas Fuel is Bringing NA Back (Ft. Cjay),2026-09-05,00:04:05,00:05:30,245,330,https://www.youtube.com/watch?v=N5fHwbNE-SQ&t=245s,bait/space,"In a slow defensive style, the front line must actively delay an enemy walk-up while the backline keeps useful angles; standing very far back without contesting the path is insufficient.",conditional_rule,Cjay interview; speaker attribution needs audio check,automatic_caption_speaker_paraphrase,low,high,Auto captions are heavily corrupted in this upload; do not promote without audio.,False,provisional
P4-096,iLX7uqsC1jE,The Best Questions of 2025,2026-01-02,00:12:30,00:13:00,750,780,https://www.youtube.com/watch?v=iLX7uqsC1jE&t=750s,mechanics/close_fights,"He cautions that mechanical differences and missed shots can decide otherwise sound fight plans, especially when a close match has small margins.",qualified_thesis,"Q&A; illustrative estimate, not a measured 5% effect",automatic_caption_speaker_paraphrase,high,low,Avoid a false dichotomy between mechanics and strategic understanding.,False,provisional
P4-097,iLX7uqsC1jE,The Best Questions of 2025,2026-01-02,00:18:30,00:19:05,1110,1145,https://www.youtube.com/watch?v=iLX7uqsC1jE&t=1110s,learning/attention,"For a player unsure of their job, he advises writing a short list of possible duties and practicing one or two at a time to preserve awareness and flexibility.",method,Q&A advice,automatic_caption_speaker_paraphrase,high,low,Specific three-to-four-item list suggested in speech.,False,provisional
P4-098,iLX7uqsC1jE,The Best Questions of 2025,2026-01-02,00:19:40,00:21:00,1180,1260,https://www.youtube.com/watch?v=iLX7uqsC1jE&t=1180s,learning/practice,"Knowing a principle in theory is different from executing it; repeated practice of small, specific actions is needed to close that gap.",method,Q&A response to player frustration,automatic_caption_speaker_paraphrase,high,low,"The hundreds/thousands language is rhetorical, not a calibrated repetition count.",False,provisional
P4-099,x2jNJeKiMUU,The Biggest Season In Overwatch History,2026-02-08,00:16:25,00:17:45,985,1065,https://www.youtube.com/watch?v=x2jNJeKiMUU&t=985s,game_design/counterplay,"In a pre-release hero reaction, he worries that complete invulnerability on a flanker could remove too much opponent counterplay, while also valuing a flanker able to poke and later threaten the backline.",design_opinion,Speculative first impression of announced hero kit,automatic_caption_speaker_paraphrase,medium,high,Do not treat predicted balance or kit behavior as a tested strategic fact.,False,provisional
P4-100,c92ESPjlveI,What are turns?,2023-11-28,00:13:30,00:16:25,810,985,https://www.youtube.com/watch?v=c92ESPjlveI&t=810s,turns/advantage,"After gaining a brawl advantage, a slow push can preserve movement and defensive cooldowns while taking angles, so the team can bait an opponent's third or fourth turn without losing a trade.",conditional_rule,Late midfight brawl example,automatic_caption_speaker_paraphrase,high,high,Extends first/second turn vocabulary into multi-cycle fights; exact ult and trade outcomes await visual review.,False,provisional
P4-101,JM50b3IU6-c,How to Play Split Comps in Overwatch (Toronto vs Washington),2023-10-27,00:03:10,00:05:20,190,320,https://www.youtube.com/watch?v=JM50b3IU6-c&t=190s,composition/off_angle,"A solo off angle benefits from mobility to find new sight lines and escape, burst to threaten immediately on a peek, and sustain or a health pack to resist being marked.",conditional_rule,2023 split composition and named hero examples,automatic_caption_speaker_paraphrase,high,medium,Hero balance is era-specific; the selection criteria are more general than the names.,False,provisional
P4-102,JM50b3IU6-c,How to Play Split Comps in Overwatch (Toronto vs Washington),2023-10-27,00:04:30,00:06:35,270,395,https://www.youtube.com/watch?v=JM50b3IU6-c&t=270s,composition/core,"The tank core can occupy, threaten objective, and punish pursuit of the off angle while allowing the weaker off angle to create initial value before it commits its own resources.",mechanism,Split composition; patient setup,automatic_caption_speaker_paraphrase,high,high,Actual geometry and objective trade depend on footage.,False,provisional
P4-103,JM50b3IU6-c,How to Play Split Comps in Overwatch (Toronto vs Washington),2023-10-27,00:07:00,00:08:00,420,480,https://www.youtube.com/watch?v=JM50b3IU6-c&t=420s,space/danger,"His 'red zone' is the opponent's immediate engage reach and the preceding 'yellow zone' requires caution; an off-angle player should react before that zone reaches them, using sound and scouting rather than waiting for visual confirmation.",definition,Close-map rush matchup; zone sizes approximate,automatic_caption_speaker_paraphrase,high,high,"Metaphoric zones, not calibrated distances. Audio and exact map distance should be checked.",False,provisional
P4-104,JM50b3IU6-c,How to Play Split Comps in Overwatch (Toronto vs Washington),2023-10-27,00:10:10,00:13:10,610,790,https://www.youtube.com/watch?v=JM50b3IU6-c&t=610s,composition/split_distance,A split must remain close enough for the untouched core to punish an enemy push on the other; separating so far that this counterpressure arrives late defeats the setup.,conditional_rule,Toronto–Washington 4–1 to 3–2 example,automatic_caption_speaker_paraphrase,high,high,Video required for claimed inter-core distances and fight outcome.,False,provisional
P4-105,JM50b3IU6-c,How to Play Split Comps in Overwatch (Toronto vs Washington),2023-10-27,00:13:20,00:15:15,800,915,https://www.youtube.com/watch?v=JM50b3IU6-c&t=800s,composition/retake,"After losing a fight, a split composition should restage its two angles rather than retake as a five-player stack; the more vulnerable off angle may need to set first.",conditional_rule,Flashpoint retake illustration,automatic_caption_speaker_paraphrase,high,high,Objective percentage and trade value are his match interpretation.,False,provisional
P4-106,JM50b3IU6-c,How to Play Split Comps in Overwatch (Toronto vs Washington),2023-10-27,00:15:25,00:17:45,925,1065,https://www.youtube.com/watch?v=JM50b3IU6-c&t=925s,composition/counterplay,"Against a split composition, decide which core is beatable and how to occupy the other long enough to attack it; a simple five-player rush at one core can be punished from the second angle.",framework,"Non-mirror counterplay, 2023 example",automatic_caption_speaker_paraphrase,high,high,Specific 2v2/3v3 allocations remain matchup-dependent.,False,provisional
P4-107,JM50b3IU6-c,How to Play Split Comps in Overwatch (Toronto vs Washington),2023-10-27,00:21:00,00:25:45,1260,1545,https://www.youtube.com/watch?v=JM50b3IU6-c&t=1260s,composition/communication,A split can call which group must retreat and which can advance based on where the opponent commits; communicating enemy counts helps the distant core respond before it can see the threat itself.,conditional_rule,Second Toronto–Washington fight and mirror discussion,automatic_caption_speaker_paraphrase,high,high,"Overlaps P4-003 conceptually, but adds a scouting and communication trigger.",False,provisional
P4-108,z9n-JNB52rk,Get off the Corner,2024-11-11,00:03:24,00:05:30,204,330,https://www.youtube.com/watch?v=z9n-JNB52rk&t=204s,support/positioning,A backline needs a position that can threaten an advancing tank while remaining hard for that tank to reach; excessive safety can remove the pressure that makes the position useful.,conditional_rule,Corner and tank–backline reach examples,automatic_caption_speaker_paraphrase,high,high,The exact safe offset and threatened targets require map review.,False,provisional
P4-109,z9n-JNB52rk,Get off the Corner,2024-11-11,00:10:06,00:12:15,606,735,https://www.youtube.com/watch?v=z9n-JNB52rk&t=606s,turns/cooldowns,Going first may mean using cooldowns to force a response without walking into the opponent's reach; a team can spend first and still plan to withdraw or punish the reply.,distinction,"Corner neutral example, 2024",automatic_caption_speaker_paraphrase,high,high,Refines P4-014's engage language; exact cooldown exchange awaits footage.,False,provisional
P4-110,z9n-JNB52rk,Get off the Corner,2024-11-11,00:12:15,00:14:00,735,840,https://www.youtube.com/watch?v=z9n-JNB52rk&t=735s,space/corner,"When both teams are held at a corner with little safe room to yield, the neutral can persist until a matchup, cooldown, angle, or other advantage changes the interaction.",case_judgment,Specific corner geometry; not a universal stalemate rule,automatic_caption_speaker_paraphrase,medium,high,Speaker's geometric interpretation needs visual inspection.,False,provisional
P4-111,pMPwEwNEiQA,What You're Missing on Genji,2024-11-14,00:03:02,00:05:35,182,335,https://www.youtube.com/watch?v=pMPwEwNEiQA&t=182s,genji/exit,"A Genji taking enemy attention should plan an exit and an ally position to return to, preserving or sequencing wall climb, Deflect, and dash around that route.",conditional_rule,Genji replay review,automatic_caption_speaker_paraphrase,high,high,Cooldown availability and route need POV validation.,False,provisional
P4-112,pMPwEwNEiQA,What You're Missing on Genji,2024-11-14,00:11:36,00:13:45,696,825,https://www.youtube.com/watch?v=pMPwEwNEiQA&t=696s,genji/ultimate,A blade attempt becomes more favorable when opposing vulnerable players move into reachable range; using it solely because it is available can surrender the safer neutral pressure Genji already has.,conditional_rule,Specific blade decision in match review,automatic_caption_speaker_paraphrase,medium,high,The target reach and fight result are the speaker's assessment.,False,provisional
P4-113,pMPwEwNEiQA,What You're Missing on Genji,2024-11-14,00:13:43,00:15:50,823,950,https://www.youtube.com/watch?v=pMPwEwNEiQA&t=823s,genji/anticipation,"A Genji on an angle should leave as enemy supports walk up into a punish setup, before the ultimate animation or damage makes the danger unmistakable.",conditional_rule,Specific support walk-up and Genji escape timing,automatic_caption_speaker_paraphrase,high,high,The telegraph and whether retreat was possible require POV review.,False,provisional
P4-114,p609brPyPzg,How to Play Overwatch's Wolverine Copy (Hazard),2024-12-16,00:05:03,00:07:36,303,456,https://www.youtube.com/watch?v=p609brPyPzg&t=303s,hazard/targeting,"Hazard should reserve his movement engage for a vulnerable squishy who has moved beyond safety, rather than spend it on a tank who may be baiting; approaching can itself clear space.",conditional_rule,Early Hazard guide in 2024 matchup,automatic_caption_speaker_paraphrase,medium,high,Hero mechanics and implied damage are patch dependent; inspect clip before treating combo as lethal.,False,provisional
P4-115,p609brPyPzg,How to Play Overwatch's Wolverine Copy (Hazard),2024-12-16,00:07:35,00:10:47,455,647,https://www.youtube.com/watch?v=p609brPyPzg&t=455s,hazard/rotation,"A Hazard staging near a likely backline rotation wants a position that is hard to scout or clear before the rotation, while close enough to punish the crossing.",conditional_rule,Map-specific ledge and high-ground examples,automatic_caption_speaker_paraphrase,high,high,Proposed route denial requires map and POV review.,False,provisional
P4-116,p609brPyPzg,How to Play Overwatch's Wolverine Copy (Hazard),2024-12-16,00:13:41,00:17:21,821,1041,https://www.youtube.com/watch?v=p609brPyPzg&t=821s,hazard/counterplay,"Against a staged Hazard, a visible damage threat can bait his jump; if the target survives, teammates can move past his position and punish him later or pressure the backline.",conditional_rule,Sojourn bait examples; team has escape and sustain,automatic_caption_speaker_paraphrase,high,high,"Speaker's narrated outcomes, not verified fight results.",False,provisional
P4-117,QvMsOy1wFr4,How NRG Won (And Lost) Overwatch Rock Paper Scissors,2024-12-08,00:00:01,00:03:31,1,211,https://www.youtube.com/watch?v=QvMsOy1wFr4&t=1s,composition/ultimate_economy,"He evaluates a composition matchup separately in neutral and ultimate fights: the Sombra–Queen team seeks a slow, baiting neutral that preserves its fragile damage dealers and farms toward powerful ultimates.",framework,NRG versus Mauga composition in 2024,automatic_caption_speaker_paraphrase,high,high,Contextual counterexample to a blanket dismissal of ultimate economy; patch-specific.,False,provisional
P4-118,QvMsOy1wFr4,How NRG Won (And Lost) Overwatch Rock Paper Scissors,2024-12-08,00:03:32,00:06:31,212,391,https://www.youtube.com/watch?v=QvMsOy1wFr4&t=212s,turns/pressure,"An engaging composition can use an early turn to force major cooldowns and space, briefly reset, then use a later third or fifth turn to finish once the opponent has fewer answers.",conditional_rule,Mauga versus Sombra–Queen neutral; ult availability matters,automatic_caption_speaker_paraphrase,high,high,A full overpowering first turn is another stated option when setup and ultimates allow it.,False,provisional
P4-119,QvMsOy1wFr4,How NRG Won (And Lost) Overwatch Rock Paper Scissors,2024-12-08,00:13:22,00:16:43,802,1003,https://www.youtube.com/watch?v=QvMsOy1wFr4&t=802s,composition/engage,An engaging team can stage its durable threats where clearing them exposes the opponent to the engage; a defender may need to clear together along another route.,mechanism,NRG Midtown example; engagement role shifts with ultimates,automatic_caption_speaker_paraphrase,high,high,He praises setup despite that particular fight loss; do not infer the plan guaranteed a win.,False,provisional
P4-120,QvMsOy1wFr4,How NRG Won (And Lost) Overwatch Rock Paper Scissors,2024-12-08,00:16:43,00:23:15,1003,1395,https://www.youtube.com/watch?v=QvMsOy1wFr4&t=1003s,composition/counterplay,"Against a backline that baits an engage and a frontline that blocks access, the rush can first pressure the frontline and force protective cooldowns; that either exposes the frontline or brings the backline close enough to reach.",conditional_rule,NRG Queen–Venture–Genji versus Toronto Zarya composition,automatic_caption_speaker_paraphrase,high,high,Counterplay is matchup and path dependent; another possible outcome is discussed in the source.,False,provisional
P4-121,QvMsOy1wFr4,How NRG Won (And Lost) Overwatch Rock Paper Scissors,2024-12-08,00:23:15,00:28:24,1395,1704,https://www.youtube.com/watch?v=QvMsOy1wFr4&t=1395s,ultimate_economy/corner,"On retake into Graviton, staying off the contested corner can create room to bait or answer the ultimate; grouping on the corner removes the escape and trade options even after a sound neutral.",case_judgment,NRG–Toronto examples; specific ult deficit,automatic_caption_speaker_paraphrase,high,high,Narrated fight diagnosis needs visual review; preserves ultimate-based counterexample.,False,provisional
P4-122,STbH6hH8emk,Are you Smart Enough to Play Echo?,2024-12-04,00:11:23,00:14:49,683,889,https://www.youtube.com/watch?v=STbH6hH8emk&t=683s,echo/copy,"After an early Echo copy, check whether opponents can turn and burst it; if they can, fall back to a longer frontline fight, while a committed opposing frontline may permit a backline reach.",conditional_rule,Reaper copies in Mauga–Echo mirror,automatic_caption_speaker_paraphrase,high,high,Requires POV and cooldown verification.,False,provisional
P4-123,XhcF5IzJDq4,Why are you Such an Unlucky Brig Player?,2024-12-02,00:08:55,00:15:16,535,916,https://www.youtube.com/watch?v=XhcF5IzJDq4&t=535s,support/exposure,"In this Brigitte brawl meta, time spent close to one's own frontline raises the risk of being caught by the next fast engage; cycle out after a trigger rather than remain for another whip or heal attempt.",conditional_rule,2024 Mauga–Brigitte examples,automatic_caption_speaker_paraphrase,high,high,"The speaker's 'unluckiness meter' is a metaphor, not a quantified probability; context narrower than all Brigitte play.",False,provisional
P4-124,XhcF5IzJDq4,Why are you Such an Unlucky Brig Player?,2024-12-02,00:15:14,00:17:45,914,1065,https://www.youtube.com/watch?v=XhcF5IzJDq4&t=914s,support/trade,"After gaining a pick, a Brigitte may preserve the advantage by staying difficult to trade, rather than moving up merely because the team is ahead.",case_judgment,Specific five-versus-four brawl example,automatic_caption_speaker_paraphrase,high,high,Inspect who could actually reach the support in the replay.,False,provisional
P4-125,K6Ayz-NHVe4,How Korea Solved Overwatch,2024-11-23,00:12:53,00:16:46,773,1006,https://www.youtube.com/watch?v=K6Ayz-NHVe4&t=773s,bait/counterplay,"Against a bait setup, clear or poke the players taking attention before chasing the distant backline; this can force movement cooldowns and remove their ability to keep baiting.",conditional_rule,Falcons–Nightmare Mauga composition examples,automatic_caption_speaker_paraphrase,high,high,"Speaker's regional comparison is rhetoric, not evidence of universal regional skill.",False,provisional
P4-126,K6Ayz-NHVe4,How Korea Solved Overwatch,2024-11-23,00:16:46,00:19:43,1006,1183,https://www.youtube.com/watch?v=K6Ayz-NHVe4&t=1006s,bait/advantage,"After gaining a pick while pressing a bait setup, durable threats can advance while vulnerable backliners keep their offset positions, preserving answers to a counter-engage.",conditional_rule,Falcons–Nightmare example,automatic_caption_speaker_paraphrase,high,high,Visual audit needed for actual player positions.,False,provisional
P4-127,V-Y0hBOI1yY,Why You Suck at the Easiest Tank,2024-11-20,00:06:14,00:08:45,374,525,https://www.youtube.com/watch?v=V-Y0hBOI1yY&t=374s,tank/ammo,"In a Mauga mirror, reload behind a corner before committing to the midfight, even at the cost of some poke damage, because running out of ammunition also removes sustain during the exchange.",conditional_rule,2024 Mauga mirror and then-current kit,automatic_caption_speaker_paraphrase,high,medium,Mechanics and exact resource balance are patch dependent.,False,provisional
P4-128,V-Y0hBOI1yY,Why You Suck at the Easiest Tank,2024-11-20,00:12:23,00:15:53,743,953,https://www.youtube.com/watch?v=V-Y0hBOI1yY&t=743s,tank/ultimate,Cage placement should fit the follow-up ultimate and avoid sacrificing armor to catch more targets; the best enclosure for a Reaper follow-up can differ from one supporting a copy or a rally.,conditional_rule,2024 Mauga brawl examples,automatic_caption_speaker_paraphrase,high,high,Specific combos and target geometry await footage.,False,provisional
P4-129,nddeTxFzT6Q,How to Play the Easiest Role in Overwatch (Hitscan),2024-11-19,00:02:48,00:05:44,168,344,https://www.youtube.com/watch?v=nddeTxFzT6Q&t=168s,hitscan/mechanics,"Against predictable tank movement, he recommends keeping the crosshair at head level and using one's own strafe to align shots, instead of relying on repeated large mouse corrections.",method,Hitscan aiming illustration; no measured rank comparison,automatic_caption_speaker_paraphrase,medium,high,The captions are translation-like and garbled; verify audio and footage before endorsing mechanics claims.,False,provisional
P4-130,nddeTxFzT6Q,How to Play the Easiest Role in Overwatch (Hitscan),2024-11-19,00:05:44,00:08:40,344,520,https://www.youtube.com/watch?v=nddeTxFzT6Q&t=344s,hitscan/safety,A hitscan staying hard to reach must still deal enough damage to relieve frontline pressure; hiding safely without threatening the enemy defeats the role's purpose.,distinction,Corner and Orisa examples,automatic_caption_speaker_paraphrase,medium,high,ASR wording needs audio verification; connects P4-044 and P4-045.,False,provisional
P4-131,nddeTxFzT6Q,How to Play the Easiest Role in Overwatch (Hitscan),2024-11-19,00:12:08,00:16:00,728,960,https://www.youtube.com/watch?v=nddeTxFzT6Q&t=728s,hitscan/midfight,"A hitscan can keep firing through a long fight from an offset position, but should withdraw as soon as the frontline protection is cleared or enemy movement signals a reach, before taking damage.",conditional_rule,Specific Sojourn examples; tank or Brigitte may be the temporary cover,automatic_caption_speaker_paraphrase,medium,high,Player POV and chronology need visual check.,False,provisional
P4-132,E1bYy6OE_OQ,How to SEE Overwatch Like GEEKAY Esports,2025-07-02,00:05:21,00:08:25,321,505,https://www.youtube.com/watch?v=E1bYy6OE_OQ&t=321s,information/setup,"Between fights, seek safe sight of likely enemy setup locations before withdrawing to the real defensive position; an unseen attacker can finish staging while the team has no timely response.",conditional_rule,GK–Liquid examples; avoid dying during forward scouting,automatic_caption_speaker_paraphrase,high,high,The visibility claims require each player's POV; speaker explicitly warns against overextending.,False,provisional
P4-133,LpxT2dykNK0,Lock Eyes and Fight,2025-06-12,00:03:39,00:07:18,219,438,https://www.youtube.com/watch?v=LpxT2dykNK0&t=219s,space/counterplay,"When an engaging team takes space toward a strong setup, the defending team has a short window to contest that setup with its cooldowns or an ultimate; yielding continuously can make the later engage difficult to answer.",conditional_rule,Two 2025 match examples; depends on which setup is becoming strong,automatic_caption_speaker_paraphrase,high,high,Read with P4-031: early deliberate withdrawal with a new route differs from allowing a threatening setup to finish.,False,provisional
P4-134,MYW1ztAeDQc,Why do Dives Always Kill You,2025-04-30,00:12:41,00:15:29,761,929,https://www.youtube.com/watch?v=MYW1ztAeDQc&t=761s,dive/prevention,"If attackers' DPS angles and Winston's forward position are about to make a dive strong, a defender can spend an ultimate proactively to clear the setup, rather than save it for surviving the completed dive.",conditional_rule,Defending a retake in a large ultimate fight,automatic_caption_speaker_paraphrase,high,high,The video uses absolute rhetoric about good dives; the proposed ult timing is conditional and needs footage.,False,provisional
P4-135,1UNctVbRS3M,How To Win Without Doing Damage,2025-08-31,00:08:40,00:11:44,520,704,https://www.youtube.com/watch?v=1UNctVbRS3M&t=520s,dive/staging,"When the opponent withdraws to reload or recover, the same moment can let a dive player disappear from sight and take a new route before the next exchange.",mechanism,Ball–Genji low-damage dive example,automatic_caption_speaker_paraphrase,high,high,Specific sight lines and whether the opponent truly lost track need POV review.,False,provisional
P4-136,1UNctVbRS3M,How To Win Without Doing Damage,2025-08-31,00:11:44,00:15:00,704,900,https://www.youtube.com/watch?v=1UNctVbRS3M&t=704s,dive/communication,"If an enemy clearing a flank cannot quickly turn onto the rest of the team, the flanker can call for teammates to act; if the clearer can immediately turn onto them, the team should often wait and restage.",conditional_rule,Diving team with one player pressured on an angle,automatic_caption_speaker_paraphrase,high,high,Exact turn distance and crossfire are visual judgments.,False,provisional
P4-137,1UNctVbRS3M,How To Win Without Doing Damage,2025-08-31,00:15:00,00:17:49,900,1069,https://www.youtube.com/watch?v=1UNctVbRS3M&t=900s,dive/commitment,An early soft dive can force cooldowns and reveal a rotation without a wide hard pinch; the degree of split and commitment should match whether the team actually intends to finish the fight.,conditional_rule,Ball–Genji spawn defense versus defensive ultimates,automatic_caption_speaker_paraphrase,high,high,Specific fight result and route need replay validation.,False,provisional
P4-138,1UNctVbRS3M,How To Win Without Doing Damage,2025-08-31,00:17:49,00:20:55,1069,1255,https://www.youtube.com/watch?v=1UNctVbRS3M&t=1069s,dive/pathing,"Against a tank who can stuff the direct route, bait the tank toward a less valuable path and move around during the opening; a fast composition need not hard commit on its first engage.",conditional_rule,Low-damage Ball–Genji composition against Ramattra,automatic_caption_speaker_paraphrase,high,high,Map geometry and the tank's options require visual audit.,False,provisional
P4-139,1UNctVbRS3M,How To Win Without Doing Damage,2025-08-31,00:20:55,00:24:54,1255,1494,https://www.youtube.com/watch?v=1UNctVbRS3M&t=1255s,dive/trigger,"A dive team can actively create its trigger by pressuring an opposing tank until it withdraws to recover, while denying the enemy damage dealers their setup; the tank's retreat then opens a coordinated backline dive.",mechanism,Ball–Genji defense against D.Va,automatic_caption_speaker_paraphrase,high,high,Narrated cooldown and armor states are unverified.,False,provisional
P4-140,jSCHyAWoUjc,Rokit Makes Vendetta Look Broken,2025-12-21,00:01:34,00:03:01,94,181,https://www.youtube.com/watch?v=jSCHyAWoUjc&t=94s,dps/attention,"An initiating flex DPS should leave or defend when multiple opponents turn to look at them, instead of waiting for low health; drawing attention without taking the resulting damage can already create value.",conditional_rule,Vendetta review; early flank and cooldown bait,automatic_caption_speaker_paraphrase,high,high,The claimed gaze and timing require POV review; do not read as never taking damage.,False,provisional
P4-141,jSCHyAWoUjc,Rokit Makes Vendetta Look Broken,2025-12-21,00:10:04,00:12:38,604,758,https://www.youtube.com/watch?v=jSCHyAWoUjc&t=604s,dps/staging,"A DPS can poke from a powerful forward position between fights, then leave before the opponent reaches a clearing position; a flexible second position permits scouting and later re-entry.",conditional_rule,Vendetta defense with pre-fight time,automatic_caption_speaker_paraphrase,high,high,Depends on map routes and opponent clear; speaker exempts spawn/stagger cases.,False,provisional
P4-142,jSCHyAWoUjc,Rokit Makes Vendetta Look Broken,2025-12-21,00:12:38,00:16:13,758,973,https://www.youtube.com/watch?v=jSCHyAWoUjc&t=758s,dps/bait,"When an opponent is baiting an engage, retaining the movement cooldown while walking or threatening can force their escape first, allowing the later engage to punish that spent resource.",conditional_rule,"Vendetta against Sojourn slide, then ultimate threat",automatic_caption_speaker_paraphrase,high,high,Specific cooldown sequence needs replay; do not generalize to all matchups.,False,provisional
P4-143,M8393UkZxjY,Why Does Team Liquid Evaporate on Stage,2025-12-19,00:05:57,00:09:59,357,599,https://www.youtube.com/watch?v=M8393UkZxjY&t=357s,composition/split_timing,"In a retake, assigning the right heroes to each split is insufficient if both groups show early and can be marked together; establish or occupy space first, then split where the opponent cannot readily control both groups.",conditional_rule,Team Liquid–Falcons review; Ramattra/Sojourn/Genji example,automatic_caption_speaker_paraphrase,medium,high,Caption rendering is translation-like; exact routes and criticism await footage.,False,provisional
P4-144,M8393UkZxjY,Why Does Team Liquid Evaporate on Stage,2025-12-19,00:09:59,00:13:10,599,790,https://www.youtube.com/watch?v=M8393UkZxjY&t=599s,composition/aggro_balance,A split should decide which group takes attention first and give it enough resources; exposing both groups at once can leave both under pressure without a useful counterattack.,mechanism,Same 2025 retake; composition and ult state matter,automatic_caption_speaker_paraphrase,medium,high,"Connects 2023 push/pull and 2026 aggro balance, without assuming identical compositions.",False,provisional
P4-145,M8393UkZxjY,Why Does Team Liquid Evaporate on Stage,2025-12-19,00:18:59,00:22:39,1139,1359,https://www.youtube.com/watch?v=M8393UkZxjY&t=1139s,dive/setup,"Before a nano dive, supports may need to help a DPS establish a useful angle so the damage line can join the tank's entry; a solo tank dive with teammates blocked from sight yields little follow-up.",case_judgment,Liquid–Falcons watch-party example,automatic_caption_speaker_paraphrase,medium,high,Narrated player positions need POV confirmation; several alternative routes were proposed.,False,provisional
P4-146,M8393UkZxjY,Why Does Team Liquid Evaporate on Stage,2025-12-19,00:22:39,00:25:29,1359,1529,https://www.youtube.com/watch?v=M8393UkZxjY&t=1359s,dive/marking,"He diagnoses the reviewed team's dive as too easy to mark: opponents can pressure the tank, damage dealers, and supports at once because no group establishes a protected angle or distracts for the others.",case_judgment,Liquid–Falcons watch-party summary,automatic_caption_speaker_paraphrase,medium,high,"This is his team evaluation, not independent measurement of five simultaneous marks.",False,provisional
P4-147,t1dnez3yuZ4,"Dva is Broken, so Why Aren't We Winning?",2025-12-14,00:02:10,00:05:57,130,357,https://www.youtube.com/watch?v=t1dnez3yuZ4&t=130s,ultimate_economy/sequence,"In an ultimate fight, layering defensive resources in response to separate threats can preserve an ultimate for the chase or next turn; spending Rush, Beat, and Bob together on the same kite may waste options.",case_judgment,SSG–Crazy Raccoon watch party,automatic_caption_speaker_paraphrase,medium,high,Narrated sequencing and alternative outcomes require video review.,False,provisional
P4-148,Y4ORvoqZ1P0,How Far Has NA Fallen,2025-12-11,00:07:02,00:10:06,422,606,https://www.youtube.com/watch?v=Y4ORvoqZ1P0&t=422s,dps/matchup,A Freya facing a Symmetra teleport rush must stage near a route back to support and keep her escape available; a poke angle inside teleport reach is punishable even if the first attack misses.,conditional_rule,Specific 2025 hero matchup,automatic_caption_speaker_paraphrase,high,high,Patch and map dependent; speaker revises judgments on some later fights.,False,provisional
P4-149,sqtmsbHxrLE,Symm is NOT Meta... Twisted Minds are Just Better,2025-12-08,00:00:01,00:03:17,1,197,https://www.youtube.com/watch?v=sqtmsbHxrLE&t=1s,draft/preparation,"Scrim bans can serve long-term matchup practice, while imminent tournament preparation should rehearse bans and map picks that maximize the chance of winning the actual match.",distinction,Ban-era tournament commentary; regional examples are anecdotal,automatic_caption_speaker_paraphrase,high,low,Do not treat regional scrim or match performance assertions as verified from transcript alone.,False,provisional
P4-150,sqtmsbHxrLE,Symm is NOT Meta... Twisted Minds are Just Better,2025-12-08,00:11:14,00:16:40,674,1000,https://www.youtube.com/watch?v=sqtmsbHxrLE&t=674s,execution/attention,Knowing a matchup interaction in review does not ensure it is executed under match pressure; the speaker describes both freezing after an advantage and rushing forward impulsively as ways attention can fail.,framework,Winston–Lucio boop example and coaching reflection,automatic_caption_speaker_paraphrase,high,medium,Claims about particular players' nervousness are speculative; preserve as general coaching hypothesis.,False,provisional
P4-151,LSrm0ocaS1Q,The Secret Rules to Pro Aim,2025-11-15,00:03:02,00:05:38,182,338,https://www.youtube.com/watch?v=LSrm0ocaS1Q&t=182s,hitscan/aiming,"He analyzes aiming as predicting a target's likely strafe change after they notice a threat, sometimes waiting with the crosshair ahead of that movement rather than chasing every step.",method,Specific hitscan POV; speaker states player intention is a guess,automatic_caption_speaker_paraphrase,high,high,Aims and inferred intention require footage; probabilities are qualitative.,False,provisional
P4-152,LSrm0ocaS1Q,The Secret Rules to Pro Aim,2025-11-15,00:13:50,00:17:09,830,1029,https://www.youtube.com/watch?v=LSrm0ocaS1Q&t=830s,hitscan/aiming,"After landing a shot, briefly holding a well-placed crosshair can catch a target's return strafe; the choice to follow or cut off depends on the observed short or long strafe pattern.",conditional_rule,Hitscan clip analysis,automatic_caption_speaker_paraphrase,high,high,"Speaker's interpretation of aim technique, not a measured mechanical advantage.",False,provisional
P4-153,AcAxvnAEYpg,How Are Old OWL Players Still So Good?,2025-11-06,00:00:01,00:03:04,1,184,https://www.youtube.com/watch?v=AcAxvnAEYpg&t=1s,retake/walk_up,"Against an early dive hit, a retaking group can choose a route where the hit has little backline follow-up, survive it, and only then advance to objective with useful angles.",conditional_rule,SSG–Liquid Ball defense on Ilios,automatic_caption_speaker_paraphrase,high,high,"Path, timing, and denied sight lines require match POV review.",False,provisional
P4-154,AcAxvnAEYpg,How Are Old OWL Players Still So Good?,2025-11-06,00:03:04,00:06:00,184,360,https://www.youtube.com/watch?v=AcAxvnAEYpg&t=184s,retake/counterplay,"If a defending group is strong inside a room but must eventually leave to touch objective, a dive team can threaten the exit instead of forcing a weak entry into the room.",conditional_rule,Specific point and composition; objective clock permits waiting,automatic_caption_speaker_paraphrase,high,high,Visual geometry and actual contest timing need validation.,False,provisional
P4-155,AcAxvnAEYpg,How Are Old OWL Players Still So Good?,2025-11-06,00:06:02,00:11:52,362,712,https://www.youtube.com/watch?v=AcAxvnAEYpg&t=362s,roles/turns,"A frontline's first move does not automatically authorize the backline to follow; supports and damage dealers may need to keep their safer angle until distance, cooldowns, and space permit their own turn.",conditional_rule,SSG–Liquid retake and Lucio examples,automatic_caption_speaker_paraphrase,high,high,Speaker's judgments about individual deaths need replay review.,False,provisional
P4-156,1OvQ5PAK0w0,Why Good Players Make Stupid Mistakes,2025-11-03,00:05:26,00:11:31,326,691,https://www.youtube.com/watch?v=1OvQ5PAK0w0&t=326s,attention/reset,"A lull or reset in a fight is a chance to stop focusing on the prior target, reassess ultimates and the next objective touch, and protect attention for the next threat; noticing the correct plan only in hindsight is insufficient.",method,2025 pro review; mental state inference,automatic_caption_speaker_paraphrase,high,medium,"Player thoughts are the speaker's hypothesis, not observed internal facts.",False,provisional
P4-157,1OvQ5PAK0w0,Why Good Players Make Stupid Mistakes,2025-11-03,00:11:31,00:14:33,691,873,https://www.youtube.com/watch?v=1OvQ5PAK0w0&t=691s,attention/scanning,"A tank reloading behind cover can use the moment to check whether the backline is occupied by a flanker before committing forward, rather than assuming teammates' calls will provide all relevant information.",conditional_rule,Specific Zarya point contest,automatic_caption_speaker_paraphrase,high,high,Exact sight and timing need POV; the percentage of mental bandwidth in speech is illustrative.,False,provisional
P4-158,1OvQ5PAK0w0,Why Good Players Make Stupid Mistakes,2025-11-03,00:14:33,00:17:32,873,1052,https://www.youtube.com/watch?v=1OvQ5PAK0w0&t=873s,ultimate_economy/tempo,"If two useful ultimates are nearly charged, the team can delay stepping onto point long enough to farm them while addressing a known flank; an early point walk can lose control of the fight before the planned tools arrive.",case_judgment,Nightmare match example; objective time available,automatic_caption_speaker_paraphrase,high,high,Conditional counterexample to treating ultimate count as irrelevant; verify charge and clock visually.,False,provisional
P4-159,2X_yEWyNms0,How I Would Fix Overwatch (As A Former Pro),2025-09-23,00:03:32,00:06:31,212,391,https://www.youtube.com/watch?v=2X_yEWyNms0&t=212s,game_design/roles,"His balance philosophy favors keeping broad play styles such as hitscan and ground tank viable so players have adjacent hero options, while situational heroes should remain situational rather than dominate every map.",design_opinion,"Opinion on a specific 2025 patch, not empirical balance ranking",automatic_caption_speaker_paraphrase,high,low,The named tiers and strength judgments are time and patch dependent.,False,provisional
P4-160,2X_yEWyNms0,How I Would Fix Overwatch (As A Former Pro),2025-09-23,00:06:30,00:10:18,390,618,https://www.youtube.com/watch?v=2X_yEWyNms0&t=390s,game_design/balance,"He proposes strengthening a weak role first, tuning overperforming members within it, and revisiting older heroes whose tools no longer serve their intended 5v5 interactions.",design_opinion,His proposed balance sequence; not a tested intervention,automatic_caption_speaker_paraphrase,high,low,"Preserve as design preference, including his admitted simplification.",False,provisional
P4-161,TOaKp3Z44ho,THEY COULDN'T SURVIVE IN THE WEST... SO THEY RAN TO KOREA.,2025-09-15,00:12:26,00:14:33,746,873,https://www.youtube.com/watch?v=TOaKp3Z44ho&t=746s,retake/pathing,"If a retake requires control of a side of the map, send enough of the team along that route to establish it; a small unsupported DPS–Lucio split can be cleared before it creates useful pressure.",conditional_rule,Specific Lijiang retake; tank shows elsewhere,automatic_caption_speaker_paraphrase,high,high,The absolute language is rhetoric; map and enemy setup determine viable allocations.,False,provisional
P4-162,ln2t2rl1KYw,How to Enter the Pocket,2025-09-10,00:03:56,00:07:01,236,421,https://www.youtube.com/watch?v=ln2t2rl1KYw&t=236s,space/engage_range,He calls the region where an opponent can initiate an effective hit the 'pocket'; entering it before the team has chosen its route and is ready to fight can force valuable cooldowns merely to survive.,definition,Specific Flashpoint retake examples; boundary varies by map and setup,automatic_caption_speaker_paraphrase,high,high,"The pocket is a qualitative threat area, not a fixed distance; inspect actual reach.",False,provisional
P4-163,ln2t2rl1KYw,How to Enter the Pocket,2025-09-10,00:07:01,00:12:58,421,778,https://www.youtube.com/watch?v=ln2t2rl1KYw&t=421s,space/pathing,"Path and scout outside the opponent's effective engage range, then cross it together when the team can use its cooldowns for space or a fight rather than losing them during an unplanned walk-up.",conditional_rule,2025 low-range compositions; examples include baiting the first hit,automatic_caption_speaker_paraphrase,high,high,Exact sight lines and cooldown states require replay.,False,provisional
P4-164,ln2t2rl1KYw,How to Enter the Pocket,2025-09-10,00:17:39,00:22:47,1059,1367,https://www.youtube.com/watch?v=ln2t2rl1KYw&t=1059s,roles/turns,"A Genji or Lucio should enter a dangerous objective or side-lane fight when a touch, follow-up, or chosen map-control goal calls for it; a teammate fighting there does not alone make immediate participation valuable.",conditional_rule,Specific Flashpoint fights and coaching analogy,automatic_caption_speaker_paraphrase,high,high,Not a categorical ban on helping allies or fighting side lanes; speaker expressly qualifies that.,False,provisional
P4-165,aNBstKtsPms,Australians CAN Coach? (Joybait),2025-09-04,00:06:58,00:10:50,418,650,https://www.youtube.com/watch?v=aNBstKtsPms&t=418s,fight_plan/flexibility,"A planned early fight should retain a practical retreat route; if an ally is forced out, an enemy flank arrives, or the timing is missed, the team can call a withdrawal without being trapped by its initial plan.",conditional_rule,Reaction to another coach's review; Orisa–Sojourn example,automatic_caption_speaker_paraphrase,high,medium,Separate Capitology's endorsement from the reviewed coach's speech; exact positions need video.,False,provisional
P4-166,aNBstKtsPms,Australians CAN Coach? (Joybait),2025-09-04,00:10:50,00:13:32,650,812,https://www.youtube.com/watch?v=aNBstKtsPms&t=650s,dps/bait,"A vulnerable long-range DPS can sometimes play a threatening but expensive-to-kill position: if opponents devote large resources to reach her, teammates gain space to punish elsewhere.",mechanism,Capitology interpreting a guest's Doom–Widow review,automatic_caption_speaker_paraphrase,medium,high,Guest attribution and actual resource exchange require audio/video; do not treat dying as inherently valuable.,False,provisional
P4-167,vu4KmVKp2f0,How Do You Beat Symmetra Cheese Comps?,2025-08-10,00:03:24,00:05:54,204,354,https://www.youtube.com/watch?v=vu4KmVKp2f0&t=204s,composition/teleport_counterplay,"Against a Symmetra teleport composition, pressure the staging route before a strong teleport becomes possible, then be ready to fight an adequate teleport promptly before its new map position yields more value.",conditional_rule,Falcons and Crazy Raccoon examples; composition may affect ability to contest,automatic_caption_speaker_paraphrase,high,high,Two distinct phases in the speaker's counterplay; exact setup and teleport outcomes need footage.,False,provisional
P4-168,x5ej22cA7G0,I HATE Coaching.,2025-07-14,00:08:28,00:13:49,508,829,https://www.youtube.com/watch?v=x5ej22cA7G0&t=508s,learning/questions,"A learner seeking coaching should first study a concrete replay moment, state their tentative reading, and ask a short specific question about the decision rather than outsource an entire vague problem.",method,2025 reflection on coaching and student effort,automatic_caption_speaker_paraphrase,high,low,"His two-sentence limit and harsh consequences are rhetorical preferences, not evidence about learning rates.",False,provisional
P4-169,xabIcyolpJA,How to Make Plays Like the Best Freja (Kronik),2025-07-11,00:05:56,00:09:37,356,577,https://www.youtube.com/watch?v=xabIcyolpJA&t=356s,hitscan/decision,A hitscan can secure ordinary frontline damage and pressure an opposing angle before taking a more committed flank or overclock; a visible enemy mistake or new information can trigger the later play.,conditional_rule,Chronic Sojourn match examples,automatic_caption_speaker_paraphrase,high,high,Speaker distinguishes several possible triggers; do not codify one mandatory sequence.,False,provisional
P4-170,GIY_4hD9_M8,How T1 Beat the Best Overwatch Team in the World,2025-06-04,00:01:00,00:03:10,60,190,https://www.youtube.com/watch?v=GIY_4hD9_M8&t=60s,composition/burst_window,"With a low-damage Sombra–Tracer line, a Winston bubble's value depends on the quality and timing of the burst window it gives the damage dealers, rather than on how long Winston merely stalls.",conditional_rule,2025 comparison with a higher-damage Winston composition,automatic_caption_speaker_paraphrase,high,high,Era-specific hero mechanics and narrated bubble value require replay.,False,provisional
P4-171,GIY_4hD9_M8,How T1 Beat the Best Overwatch Team in the World,2025-06-04,00:03:12,00:06:09,192,369,https://www.youtube.com/watch?v=GIY_4hD9_M8&t=192s,defense/setup,A team choosing a slow defensive neutral must still contest an opponent's staging lanes before several threats mature together; spending ultimates to deny setup can be preferable to saving them for an already unfavorable dive.,conditional_rule,Sombra–Tracer defense with Nano and Primal available,automatic_caption_speaker_paraphrase,high,high,The speaker's near-certain loss prediction is not independently verified.,False,provisional
P4-172,GIY_4hD9_M8,How T1 Beat the Best Overwatch Team in the World,2025-06-04,00:09:09,00:12:15,549,735,https://www.youtube.com/watch?v=GIY_4hD9_M8&t=549s,composition/mobility,"He argues that Hazard into a ground tank without sufficient team speed can fail to get around the tank, and criticizes a ban/draft that removes a speed option while retaining that plan.",case_judgment,Specific ban-era Hazard and backline matchup,automatic_caption_speaker_paraphrase,medium,high,Absolute 'never' wording is rhetorical and patch dependent; test the matchup visually.,False,provisional
P4-173,GIY_4hD9_M8,How T1 Beat the Best Overwatch Team in the World,2025-06-04,00:12:15,00:16:50,735,1010,https://www.youtube.com/watch?v=GIY_4hD9_M8&t=735s,composition/target_allocation,"A Sombra–Tracer–Winston team can lock down a frontline or reach the backline, but may struggle to do both at once; staging Winston to displace the backline can free Sombra to punish the remaining front line.",conditional_rule,Versus Ball–Freya composition in reviewed match,automatic_caption_speaker_paraphrase,high,high,He also floats direct neutral kills as an alternative; exact target allocation needs footage.,False,provisional
P4-174,GIY_4hD9_M8,How T1 Beat the Best Overwatch Team in the World,2025-06-04,00:16:50,00:20:10,1010,1210,https://www.youtube.com/watch?v=GIY_4hD9_M8&t=1010s,composition/counterplay,He hypothesizes that Freya has difficulty both contesting Winston's staging and remaining safe from Sombra–Tracer; a coordinated hack or virus with the jump can compress the escape window.,hypothesis,2025 specific hero matchup; speaker explicitly says sample is limited,automatic_caption_speaker_paraphrase,medium,high,Do not promote this matchup prediction without additional examples and patch context.,False,provisional
P4-175,GIY_4hD9_M8,How T1 Beat the Best Overwatch Team in the World,2025-06-04,00:20:20,00:24:40,1220,1480,https://www.youtube.com/watch?v=GIY_4hD9_M8&t=1220s,dive/prevention,"An offset, scouting support position can see an incoming dive setup and use Rush or Beat before the attackers finish it; clustering on the corner leaves the team reacting to a completed jump.",conditional_rule,Crazy Raccoon–T1 successive fights,automatic_caption_speaker_paraphrase,high,high,The back-to-back comparison is speaker narration; sight and timing need POV review.,False,provisional
P4-176,GIY_4hD9_M8,How T1 Beat the Best Overwatch Team in the World,2025-06-04,00:28:19,00:31:10,1699,1870,https://www.youtube.com/watch?v=GIY_4hD9_M8&t=1699s,turns/ultimate,A second Beat is not automatically stronger: the first team may engage and force key cooldowns or isolate a target before the reply lands. Playing for the second Beat requires surviving or evading that first push.,counterexample,Winston mirror ultimate fight; the speaker allows specific exceptions,automatic_caption_speaker_paraphrase,high,high,Distinct from a universal rule to always use Beat first; inspect sequencing.,False,provisional
P4-177,GIY_4hD9_M8,How T1 Beat the Best Overwatch Team in the World,2025-06-04,00:34:50,00:38:10,2090,2290,https://www.youtube.com/watch?v=GIY_4hD9_M8&t=2090s,retake/clearing_tempo,A defender holding a choke should choose between an early hit through it and a deeper position that lets attackers cross; standing on the choke while intending to yield can get the tank cleared and hand attackers a window to surge through.,conditional_rule,Two Winston retake defenses in one match,automatic_caption_speaker_paraphrase,high,high,His 'clearing tempo' term describes this contingent window; geometry and cooldowns require replay.,False,provisional
P4-178,GIY_4hD9_M8,How T1 Beat the Best Overwatch Team in the World,2025-06-04,00:41:07,00:44:49,2467,2689,https://www.youtube.com/watch?v=GIY_4hD9_M8&t=2467s,dive/resource_allocation,"When a backline dive is the team's principal win condition, a tank's bubble should support that jump or the approach rather than be spent on an enemy tank whose ultimate already threatens the cart.",case_judgment,Winston versus Winston with Primal; specific lost fight,automatic_caption_speaker_paraphrase,high,high,Do not infer the alternative would guarantee a kill.,False,provisional
P4-179,GIY_4hD9_M8,How T1 Beat the Best Overwatch Team in the World,2025-06-04,00:44:46,00:48:30,2686,2910,https://www.youtube.com/watch?v=GIY_4hD9_M8&t=2686s,support/map_flip,"In the illustrated Kiriko–Lucio flip, Lucio can establish a safe teleport destination beyond the opposing Winston so Kiriko joins the fight without teleporting into an actively pressured diver.",conditional_rule,Specific retake and support pairing,automatic_caption_speaker_paraphrase,high,high,The alleged failed short teleport and proposed route require POV validation.,False,provisional
P4-180,GIY_4hD9_M8,How T1 Beat the Best Overwatch Team in the World,2025-06-04,00:48:10,00:53:39,2890,3219,https://www.youtube.com/watch?v=GIY_4hD9_M8&t=2890s,composition/timing,"In a burst-oriented tank–Freya composition, a damage dealer must be staged to use the tank's short engagement window immediately; a well-timed jump with the DPS absent can waste the neutral opportunity.",conditional_rule,Late match fights; Tracer also follows tank windows,automatic_caption_speaker_paraphrase,high,high,Speaker's sweeping 'neutral decides everything' rhetoric should remain tied to this composition.,False,provisional
P4-181,n-t2m7R_Gho,The Gang Watches Geekay vs Liquid (NA OWCS),2025-06-02,00:02:39,00:05:38,159,338,https://www.youtube.com/watch?v=n-t2m7R_Gho&t=159s,composition/counterplay,"Against a predictable dive, a team that only peels the initiating tank can leave the opposing damage line free; a forward counterattack may be preferable when that tank's engage is too costly to contest directly.",case_judgment,Liquid–GK live watch party,automatic_caption_speaker_paraphrase,low,high,"Banter-heavy and imperfect ASR; this is his in-the-moment preference, not a universal no-peel rule.",False,provisional
P4-182,n-t2m7R_Gho,The Gang Watches Geekay vs Liquid (NA OWCS),2025-06-02,00:20:00,00:21:30,1200,1290,https://www.youtube.com/watch?v=n-t2m7R_Gho&t=1200s,team/development,"He praises a team for retaining a clear setup-and-hard-engage identity across different metas and compositions, arguing that this continuity preserves learned coordination and makes the match plan familiar.",observational_pattern,GK series conclusion in live commentary,automatic_caption_speaker_paraphrase,medium,medium,"Attribution of long-term improvement is his interpretation, not a controlled comparison.",False,provisional
P4-183,cXnFhS2l47g,How the Best NA OWCS Team Got Their Revenge,2025-03-28,00:03:20,00:05:57,200,357,https://www.youtube.com/watch?v=cXnFhS2l47g&t=200s,information/setup,Forward pre-fight poke can reveal the opponent's route; withdrawing afterward lets an engaging team keep that information while hiding its own final positions and timing.,mechanism,Nightmare–Rad match comparison,automatic_caption_speaker_paraphrase,high,high,Extends P4-019–020 with the information asymmetry needed for a hidden engage.,False,provisional
P4-184,cXnFhS2l47g,How the Best NA OWCS Team Got Their Revenge,2025-03-28,00:05:57,00:10:39,357,639,https://www.youtube.com/watch?v=cXnFhS2l47g&t=357s,adaptation/counter_setup,"Against a fast Hazard–Genji engage, merely planning to survive the hit may fail; alternating pressure on the tank and the damage dealer's angle can prevent the coordinated setup required for that hit.",conditional_rule,Nightmare rematch with Ramattra and Sojourn,automatic_caption_speaker_paraphrase,high,high,Speaker distinguishes stopping setup from reactive peel; actual matchup and outcome need footage.,False,provisional
P4-185,cXnFhS2l47g,How the Best NA OWCS Team Got Their Revenge,2025-03-28,00:10:39,00:13:30,639,810,https://www.youtube.com/watch?v=cXnFhS2l47g&t=639s,adaptation/frontline,A stacked Mauga team can swing and pressure a Hazard together so he must either retreat and cede setup space or commit to a dangerous front-to-back exchange.,case_judgment,Liquid–Nightmare first playoff meeting,automatic_caption_speaker_paraphrase,high,high,Patch and composition specific; alternative adaptation not yet resolved in that match.,False,provisional
P4-186,cXnFhS2l47g,How the Best NA OWCS Team Got Their Revenge,2025-03-28,00:17:19,00:25:58,1039,1558,https://www.youtube.com/watch?v=cXnFhS2l47g&t=1039s,adaptation/self_execution,"An adaptation may change one's own setup rather than counter the enemy directly: leaving a choke less stuffed can make the opponent commit to a side, enabling a Genji–Lucio pair to attack the other side quickly.",conditional_rule,Nightmare–SSG rematch and earlier failed Genji–Lucio split,automatic_caption_speaker_paraphrase,high,high,"Fight examples and ban effects require video; decision speed is narrated, not measured.",False,provisional
P4-187,GYBpp0KM5-Q,Why Hero Bans Don't Work Against Crazy Raccoon (Overwatch SOOP Cup),2025-01-06,00:06:09,00:11:56,369,716,https://www.youtube.com/watch?v=GYBpp0KM5-Q&t=369s,cooldowns/punish_window,"A high-level team can turn a brief missing bash, recall, or movement cooldown into a coordinated engage before the resource returns, even when the opponent's position otherwise appears sound.",observational_pattern,Three Crazy Raccoon retake examples,automatic_caption_speaker_paraphrase,high,high,The exact cooldown timers and conversions require visual validation; not every spent cooldown is punishable.,False,provisional
P4-188,GYBpp0KM5-Q,Why Hero Bans Don't Work Against Crazy Raccoon (Overwatch SOOP Cup),2025-01-06,00:14:56,00:16:54,896,1014,https://www.youtube.com/watch?v=GYBpp0KM5-Q&t=896s,support/escape_plan,A Kiriko expecting a dive should know in advance whether a safe teleport is available from the frontline or whether Lucio must create a separate destination; the escape should preserve useful midfight sight.,conditional_rule,Kiriko–Lucio retake example,automatic_caption_speaker_paraphrase,high,high,"Exact destination, LOS, and follow-up need POV review; relates to P4-179.",False,provisional
P4-189,N5fHwbNE-SQ,Dallas Fuel is Bringing NA Back (Ft. Cjay),2026-09-05,00:07:10,00:11:16,430,676,https://www.youtube.com/watch?v=N5fHwbNE-SQ&t=430s,bait/tempo,"In a slow Ramattra composition, the team may bait while its backline holds corners, but should attack first once opposing angles begin to surround it; waiting to respond to the finished pinch can be too late.",conditional_rule,Capitology interviewing a player about a specific match,automatic_caption_speaker_paraphrase,medium,high,Translation-like captions blur guest and narrator wording; verify speaker attribution and fight POV.,False,provisional
P4-190,N5fHwbNE-SQ,Dallas Fuel is Bringing NA Back (Ft. Cjay),2026-09-05,00:11:18,00:15:10,678,910,https://www.youtube.com/watch?v=N5fHwbNE-SQ&t=678s,bait/counterplay,"A team opposing a deep, safe backline can avoid feeding its sight lines and instead pressure the less supported side or forward player; the baiting team must recognize when its own passive hold stops controlling the map.",case_judgment,Interview discussion of slow style and opponent adaptation,automatic_caption_speaker_paraphrase,medium,high,Player and interviewer jointly reason through examples; exact alternatives remain speculative.,False,provisional
P4-191,prUv2eNrGD0,The 5 Levels of Sojourn: Diamond to Pro (Ft. PGE),2026-06-08,00:03:33,00:06:30,213,390,https://www.youtube.com/watch?v=prUv2eNrGD0&t=213s,hitscan/development,"In his small matched-map Sojourn sample, the lower-ranked players sometimes aim and use ultimates well, but the narrator sees recurring losses of angle and scouting after initial poke; the rank pattern is descriptive of these five players.",observational_pattern,Diamond and Masters interviews on one map,automatic_caption_speaker_paraphrase,high,high,Selected convenience sample; not a population inference. Guest self-reports differ from narrator judgments.,False,provisional
P4-192,prUv2eNrGD0,The 5 Levels of Sojourn: Diamond to Pro (Ft. PGE),2026-06-08,00:20:18,00:22:55,1218,1375,https://www.youtube.com/watch?v=prUv2eNrGD0&t=1218s,hitscan/angle,"The champion-level guest says he may stay stacked when a flank offers the same sight lines, while the pro describes taking space after the enemy tank uses movement; angle choice follows new reach and visibility, not a fixed flank quota.",distinction,Two guest reports plus narrator interpretation,automatic_caption_speaker_paraphrase,medium,high,Keep speakers separate; their tactical conditions require POV review.,False,provisional
P4-193,ijlmDdVIdtk,The New Dallas Fuel Can't Stop Winning,2026-04-27,00:02:41,00:05:46,161,346,https://www.youtube.com/watch?v=ijlmDdVIdtk&t=161s,composition/delayed_split,"Against a team prepared to clear the outside lane with teleport and D.Va, a split composition can begin closer together, scout the clear, then form its split as the opponent chases and leaves players behind.",conditional_rule,Dallas Fuel–SSG double-flex example,automatic_caption_speaker_paraphrase,high,high,2026 refinement of 2023 split-core account; exact path and timing need footage.,False,provisional
P4-194,ijlmDdVIdtk,The New Dallas Fuel Can't Stop Winning,2026-04-27,00:09:46,00:12:49,586,769,https://www.youtube.com/watch?v=ijlmDdVIdtk&t=586s,bait/switch,A team baiting teleport can switch to forward pressure when the opponent's D.Va spends boosters elsewhere; a late teleport onto the backline then lacks the same tank follow-up.,case_judgment,Dallas Fuel–SSG point fight,automatic_caption_speaker_paraphrase,high,high,Narrated cooldown and opponent options await visual check.,False,provisional
P4-195,AtmKIdmLLQ8,At Least We Won ONE Match,2026-04-17,00:05:09,00:07:50,309,470,https://www.youtube.com/watch?v=AtmKIdmLLQ8&t=309s,composition/target_priority,"In a Zarya–Vendetta mirror, killing the Lucio can still lose the exchange if the opposing Vendetta suppresses the hitscan while one's own hitscan is free to damage the tank; compare target value with the damage denied elsewhere.",case_judgment,DSG–Liquid mirror and narrator's own team,automatic_caption_speaker_paraphrase,high,high,"Fight outcome and damage are his interpretation, not measured counterfactuals.",False,provisional
P4-196,AtmKIdmLLQ8,At Least We Won ONE Match,2026-04-17,00:12:31,00:15:36,751,936,https://www.youtube.com/watch?v=AtmKIdmLLQ8&t=751s,turns/counterturn,"After one's Vendetta forces the opposing hitscan back, the opposing Vendetta may take the next turn to block one's own hitscan; the frontline may need to yield space during that reply, then press again after it is baited.",conditional_rule,Specific Zarya–Vendetta mirror,automatic_caption_speaker_paraphrase,high,high,Timing is matchup-specific; speaker notes several micro alternatives.,False,provisional
P4-197,GKkzCd9cvUg,Ult Economy Might Be Real,2026-04-09,00:08:56,00:12:04,536,724,https://www.youtube.com/watch?v=GKkzCd9cvUg&t=536s,turns/setup,"A movement turn can be spent to obtain a better position for a later killing turn; using an ultimate from the first, shallow position can lose the advantage of the composition's layered entry.",case_judgment,D.Va–Venture versus Orisa review,automatic_caption_speaker_paraphrase,high,high,Proposed routes are counterfactual and need map review.,False,provisional
P4-198,GKkzCd9cvUg,Ult Economy Might Be Real,2026-04-09,00:12:02,00:14:33,722,873,https://www.youtube.com/watch?v=GKkzCd9cvUg&t=722s,ultimate_economy/position,"He identifies one triple-ultimate point flip as genuine waste, but argues another multi-ultimate failure stemmed from not using the space gained to set up and pursue a kill on the far side.",clarification,2026 follow-up; two separate fights,automatic_caption_speaker_paraphrase,high,high,Preserve both judgments rather than compressing to 'ultimate economy never matters'.,False,provisional
P4-199,KlcWDgdXrZk,Playing Second: The Mind Control Warfare of Team Falcons,2026-03-08,00:06:10,00:09:19,370,559,https://www.youtube.com/watch?v=KlcWDgdXrZk&t=370s,turns/option_control,"After forcing a front player's cooldowns, the first-moving team must choose whether to chase that player or exploit the vacated side; the baiting team must make the preferred wrong choice tempting and retain a response if the opponent chooses correctly.",conditional_rule,Falcons–Crazy Raccoon contrasting fights,automatic_caption_speaker_paraphrase,high,high,Requires both sides' POV; extends P4-034–035 without a deterministic rule.,False,provisional
P4-200,Hl-nV1aF1yE,Back Up to Go Forward,2026-01-26,00:07:04,00:12:09,424,729,https://www.youtube.com/watch?v=Hl-nV1aF1yE&t=424s,space/retreat,"A team can poke the walk-up, withdraw early through several positions while there is map left to give, and later go first from a preferred fight location; this depends on not being chased during withdrawal.",conditional_rule,Twisted Minds–Falcons King's Row example,automatic_caption_speaker_paraphrase,high,high,Not every map permits repeated retreats; speaker expressly conditions on distance and route.,False,provisional
P4-201,x2jNJeKiMUU,The Biggest Season In Overwatch History,2026-02-08,00:01:00,00:04:20,60,260,https://www.youtube.com/watch?v=x2jNJeKiMUU&t=60s,game_design/counterplay,"In a pre-release hero reaction, he values abilities with visible counterplay and skill expression and worries when a poke tank's strength may depend mainly on raw damage tuning.",design_opinion,Speculation before testing announced hero kits,automatic_caption_speaker_paraphrase,high,medium,"Not a verified balance prediction; later numbers, mechanics, and patch may differ.",False,provisional
P4-202,FjoWkH6Sl1k,How Good is the New Tier 2?,2026-01-21,00:06:30,00:10:45,390,645,https://www.youtube.com/watch?v=FjoWkH6Sl1k&t=390s,information/ultimate,"Before using a major ultimate that opponents can kite, the initiator should scout where all opponents are and whether they are already spaced to evade it.",conditional_rule,Kiriko Rush example in tier-two live review,automatic_caption_speaker_paraphrase,high,high,The source's absolute 'see everyone' is a practical heuristic; exact visibility needs POV.,False,provisional
P4-203,iLX7uqsC1jE,The Best Questions of 2025,2026-01-02,00:14:55,00:18:24,895,1104,https://www.youtube.com/watch?v=iLX7uqsC1jE&t=895s,coaching/method,He cautions coaches against using players as a test bed for unproven theories that disrupt the team's existing play; a coach's impact can be negative as well as positive.,method,Q&A opinion on coaching impact,automatic_caption_speaker_paraphrase,high,low,Not evidence that a specific coach or experiment caused a result.,False,provisional
P4-204,t1dnez3yuZ4,"Dva is Broken, so Why Aren't We Winning?",2025-12-14,00:06:38,00:08:30,398,510,https://www.youtube.com/watch?v=t1dnez3yuZ4&t=398s,composition/resource_budget,A composition should allocate its limited healing and attention among players whose styles require resources; pairing multiple high-resource players with a tank that must be sustained can leave one damage dealer unable to take an angle.,conditional_rule,"His SSG Zarya–Echo analysis, comparing an earlier team built around a different allocation",automatic_caption_speaker_paraphrase,medium,high,Player-specific judgments and actual healing allocation require replay; not a measured resource budget.,False,provisional
P4-205,1UNctVbRS3M,How To Win Without Doing Damage,2025-08-31,00:01:58,00:05:02,118,302,https://www.youtube.com/watch?v=1UNctVbRS3M&t=118s,dive/staging,"In a low-damage dive, yielding to an opponent's clear can preserve the attackers' resources and let them use the clearer’s withdrawal to slip into unscouted positions; the final engage can still be fast after a patient setup.",mechanism,Ball/Genji double-flex discussion against D.Va,automatic_caption_speaker_paraphrase,high,high,Distinct from P4-025's single-player cooldown exchange; the team-wide hidden setup requires POV review.,False,provisional
P4-206,KlcWDgdXrZk,Playing Second: The Mind Control Warfare of Team Falcons,2026-03-08,00:09:15,00:11:05,555,665,https://www.youtube.com/watch?v=KlcWDgdXrZk&t=555s,turns/advantage_stack,"Against a team offering a tempting cooldown bait, the first-moving team can clear that player, then delay its next rotation long enough to pressure another angle and accumulate advantages rather than commit on the first opening.",conditional_rule,Crazy Raccoon response to Falcons bait,automatic_caption_speaker_paraphrase,high,high,Specific options and timing are narrator's match interpretation; compare P4-034–035 and P4-199.,False,provisional
