segment_id,video_id,video_title,upload_date,segment_number,start,end,duration_seconds,primary_topic,topic_tags,content_mode,seriousness,information_density,strategic_relevance,transcript_confidence,visual_review_priority,keywords,excerpt,source_segment_file
_pv_dhja-4w:001,_pv_dhja-4w,You're Never Going to Learn,2026-09-29,1,00:00:01,00:02:59,177.716,coaching_learning,coaching_learning;player_decisions_mechanics;career_community_personal,mixed_discussion,68,48,74,85,57,don't;know;learning;something;about;wrong;video;ability,"Okay. It's been a while since I've made videos like this, sitting in front of the camera, and it's not set up for that weird glare from the windows, so maybe just listen to the audio and don't watch the video. I wanted to sit down and just talk about something for 10-15 minutes b",captions/segments/_pv_dhja-4w.json
_pv_dhja-4w:002,_pv_dhja-4w,You're Never Going to Learn,2026-09-29,2,00:02:58,00:05:37,159.235,coaching_learning,coaching_learning;career_community_personal,analytical_explanation,69,52,75,83,61,life;you're;time;should;isn't;overwatch;probably;many,"first principles is how well you can reason your way through something purely through logic, right ? Can you accurately simulate a game of Overwatch in your head and recreate the events as they are? If you can do that, you're theoretically able to figure out how things should wor",captions/segments/_pv_dhja-4w.json
_pv_dhja-4w:003,_pv_dhja-4w,You're Never Going to Learn,2026-09-29,3,00:05:36,00:08:49,193.452,player_decisions_mechanics,player_decisions_mechanics;coaching_learning,mixed_discussion,68,48,78,84,72,replay;code;that's;don't;players;learn;observation;happening,"now and watch this one-minute clip, it'll explain most of what I'm trying to say, right? If you want to learn how to observe correctly, the first level is deep observation, right? This is the hardest part. This is a barrier for most people. What does it really mean to observe som",captions/segments/_pv_dhja-4w.json
_pv_dhja-4w:004,_pv_dhja-4w,You're Never Going to Learn,2026-09-29,4,00:08:48,00:11:49,180.57,coaching_learning,coaching_learning,mixed_discussion,65,43,73,84,59,you're;learn;time;i'm;find;don't;should;code,"so I don't [ __ ] remember what it was, right? This is important. Make a comparison, okay? Open your code and professional code , as similar as possible. Open the command code and professional code . If you can't find a comparison, create one. Find the professional code first, th",captions/segments/_pv_dhja-4w.json
N5fHwbNE-SQ:001,N5fHwbNE-SQ,Dallas Fuel is Bringing NA Back (Ft. Cjay),2026-09-05,1,00:00:00,00:03:09,189.738,macro_space_tempo,macro_space_tempo;coaching_learning,analytical_explanation,66,53,85,83,59,think;lucio;play;dps;we're;it's;rules;yes,"Just give me something like the alphabet or something. 1 2 3 4 5 6 7 8 9 10 Dude, your microphone is thankfully clearer than usual. Do you have a new microphone? This...I mean, it's like the Astro A50s. Oh, wait. I also have an Astro A50. Yes, but why did you just take it? Friend",captions/segments/N5fHwbNE-SQ.json
N5fHwbNE-SQ:002,N5fHwbNE-SQ,Dallas Fuel is Bringing NA Back (Ft. Cjay),2026-09-05,2,00:03:08,00:07:11,242.938,macro_space_tempo,macro_space_tempo;fight_execution_review,analytical_explanation,67,61,86,84,59,map;ram;play;guys;it's;space;rush;fight,"you guys are splitting hitscan a lot more than I see. I mean, it's hard for us. They believe that the advantage of rush is simply cruel. Yes. Killing under pressure magically kills like London with rush. Yes. When the CD to RAM exchange starts, and the RAM starts to see if they c",captions/segments/N5fHwbNE-SQ.json
N5fHwbNE-SQ:003,N5fHwbNE-SQ,Dallas Fuel is Bringing NA Back (Ft. Cjay),2026-09-05,3,00:07:10,00:11:19,248.194,macro_space_tempo,macro_space_tempo;fight_execution_review,analytical_explanation,68,58,84,83,62,yes;back;think;all;fight;start;it's;choke,"but can you really squeeze all the value out of what's there and then come back at the last second? Yes. It all comes down to greed. You...How greedy can you be? It's like they're trying something different, like...I like this. They ...They say Lucian is playing you. But it didn'",captions/segments/N5fHwbNE-SQ.json
N5fHwbNE-SQ:004,N5fHwbNE-SQ,Dallas Fuel is Bringing NA Back (Ft. Cjay),2026-09-05,4,00:11:18,00:15:09,231.472,macro_space_tempo,macro_space_tempo;fight_execution_review,mixed_discussion,63,46,84,84,57,kill;yes;ram;map;through;back;push;fight,"so easy for the ram that he just sat there and landed, if he wants to come up, he has to just walk into the ram and die. And this is the first moment where it is much easier for them than for you. And now you'll have to use your angle, which you have n't had to do at all yet. The",captions/segments/N5fHwbNE-SQ.json
N5fHwbNE-SQ:005,N5fHwbNE-SQ,Dallas Fuel is Bringing NA Back (Ft. Cjay),2026-09-05,5,00:15:08,00:18:54,225.686,macro_space_tempo,macro_space_tempo,analytical_explanation,67,54,84,84,59,play;guys;think;playing;it's;he's;slow;doesn't,"next fight, quote . And now, frankly , they are in a worse position. As if they were in a better position before the B-assault. They forced you to break out of that point. Yes, I remember that. These were perpendicular exits. It was amazing. I don't remember what I was thinking. ",captions/segments/N5fHwbNE-SQ.json
KLwLiiYYewQ:001,KLwLiiYYewQ,DON'T hold the choke?,2026-07-08,1,00:00:00,00:00:54,54.16,macro_space_tempo,macro_space_tempo,short_analysis_or_highlight,65,50,87,80,74,choke;poke;kills;control;throw;play;walk;stay,I think realistically this is really high level from both teams and like this probably comes down to micro from these kills. But this is like this is something that's so important to me man. Like I need to make like a whole 10 videos on this. Poke up past the choke. We poke past ,captions/segments/KLwLiiYYewQ.json
prUv2eNrGD0:001,prUv2eNrGD0,The 5 Levels of Sojourn: Diamond to Pro (Ft. PGE),2026-06-08,1,00:00:00,00:02:59,179.6,player_decisions_mechanics,player_decisions_mechanics;fight_execution_review;macro_space_tempo,collaborative_discussion,62,50,79,83,63,player;rank;angle;see;old;players;try;mhm,"Have you ever wondered what the real differences are between hit scans at different ranks? Have you ever thought to yourself, yeah, I'm a player of this rank, but really I deserve this rank. Well, I'm a pro coach that's worked with a lot of players, individual VODs across all dif",captions/segments/prUv2eNrGD0.json
prUv2eNrGD0:002,prUv2eNrGD0,The 5 Levels of Sojourn: Diamond to Pro (Ft. PGE),2026-06-08,2,00:03:13,00:06:29,195.32,fight_execution_review,fight_execution_review;macro_space_tempo;player_decisions_mechanics,collaborative_discussion,64,51,84,81,62,angle;fight;player;sig;good;see;mhm;tank,>> As soon as I kill the samurai I know I pop OC. >> Is it a huge fight for you? Five? >> Yeah. That's That was the main condition really. My tank died at first but as soon as this Well the reaper and the emperor died then I know it's a winning fight if I OC. >> He spends a lot o,captions/segments/prUv2eNrGD0.json
prUv2eNrGD0:003,prUv2eNrGD0,The 5 Levels of Sojourn: Diamond to Pro (Ft. PGE),2026-06-08,3,00:06:32,00:10:02,209.88,fight_execution_review,fight_execution_review,collaborative_discussion,62,47,83,83,61,fight;kill;top;i'm;team;slide;nice;before,">> And then that Emery nade I saw it earlier. It'll be in like a little bit that I'll just be aware of the Emery nader when I'm on high ground. >> He takes the high ground early, but he's more aware and gives it up as people start to shoot at him so he can go somewhere else. >> Y",captions/segments/prUv2eNrGD0.json
prUv2eNrGD0:004,prUv2eNrGD0,The 5 Levels of Sojourn: Diamond to Pro (Ft. PGE),2026-06-08,4,00:09:59,00:13:56,236.72,fight_execution_review,fight_execution_review,collaborative_discussion,66,59,85,83,64,fight;tracer;fights;angle;think;around;player;team,"so it can be difficult, I think. Up here, I'm going to the Emery cuz like I feel like he can just shoot at my Ryan if he's uncontested, and then I think I just eventually win the one-v-one. >> This challenge he takes on the Emery angle is really good, and he ends up opening the f",captions/segments/prUv2eNrGD0.json
prUv2eNrGD0:005,prUv2eNrGD0,The 5 Levels of Sojourn: Diamond to Pro (Ft. PGE),2026-06-08,5,00:13:54,00:17:15,200.679,macro_space_tempo,macro_space_tempo;fight_execution_review,collaborative_discussion,67,56,86,82,64,angle;different;main;don't;angles;kill;fight;while,"but when do you decide to go for this next angle? You're just shooting main, you're shooting the queen. >> I think it's just when I have rail, I look for different places. I don't know if I'm full rail, but if I'm like 50-60%, very easy to just look for a new angle. >> What are y",captions/segments/prUv2eNrGD0.json
prUv2eNrGD0:006,prUv2eNrGD0,The 5 Levels of Sojourn: Diamond to Pro (Ft. PGE),2026-06-08,6,00:17:14,00:20:17,183.08,macro_space_tempo,macro_space_tempo;fight_execution_review,collaborative_discussion,73,69,87,83,71,angle;fight;team;it's;push;i'm;see;much,"but he doesn't slide in and kill himself. He takes good angles at a much higher rate, though. Moving around faster, checking for opportunities, farming his rail quickly, and then paddling to find an opening pick at a much higher rate. Our champion hit scan is a face of expert pla",captions/segments/prUv2eNrGD0.json
prUv2eNrGD0:007,prUv2eNrGD0,The 5 Levels of Sojourn: Diamond to Pro (Ft. PGE),2026-06-08,7,00:20:18,00:23:25,187.44,macro_space_tempo,macro_space_tempo,collaborative_discussion,64,51,86,84,62,angle;angles;think;take;i'm;map;fights;he's,"Unfortunately, his Malganis gets booped off the map. Poor guy. >> Like right here, like I see they're all main. Like I always go for this. I like if we're down, like when we saw that like a play needs to happen. Like we're down. Like I always take the gate rail and then go for li",captions/segments/prUv2eNrGD0.json
prUv2eNrGD0:008,prUv2eNrGD0,The 5 Levels of Sojourn: Diamond to Pro (Ft. PGE),2026-06-08,8,00:23:32,00:26:02,149.72,player_decisions_mechanics,player_decisions_mechanics;fight_execution_review;composition_matchups,collaborative_discussion,62,41,79,82,60,see;rail;i'm;winston;tracer;much;looking;mhm,"Oh. This is just horrible for me because he jumped. I didn't I didn't see it, and I knew he had jumped. It was just >> Mhm. >> just an autopilot re-chat moment. Really just don't have to do too much. Like, if the Winston trolls, that's that's basically my only go time. >> Mhm. >>",captions/segments/prUv2eNrGD0.json
prUv2eNrGD0:009,prUv2eNrGD0,The 5 Levels of Sojourn: Diamond to Pro (Ft. PGE),2026-06-08,9,00:26:06,00:29:26,200.48,fight_execution_review,fight_execution_review;macro_space_tempo;player_decisions_mechanics,collaborative_discussion,64,56,83,82,60,tracer;i'm;about;should;rail;point;olds;winston,"Uh. Uh, okay. >> Right there, I'm just trying to save my slide as much as I can. >> Mhm. >> Cuz like I I know we have the support olds and the abilities, the cool downs to fight in the cage, so I don't really need to go anywhere. Same thing, rinse, repeat. I mean, okay, in my min",captions/segments/prUv2eNrGD0.json
prUv2eNrGD0:010,prUv2eNrGD0,The 5 Levels of Sojourn: Diamond to Pro (Ft. PGE),2026-06-08,10,00:29:36,00:31:30,114.56,player_decisions_mechanics,player_decisions_mechanics;fight_execution_review;macro_space_tempo,collaborative_discussion,65,59,80,82,59,player;rank;angles;thinks;they're;see;don't;all,Game done. >> This exact Overclock has happened in all of the games that I've looked at so far. Like this is really common thing to do on this point. It's like start here Overclock. But what both other Sojourns did was they slid immediately. Like they did this thing and they slid,captions/segments/prUv2eNrGD0.json
pQcjwEjo6us:001,pQcjwEjo6us,Can SSG Stay Alive for More Than 5 Seconds?,2026-05-22,1,00:00:00,00:00:31,31.4,macro_space_tempo,macro_space_tempo,short_analysis_or_highlight,60,36,87,82,61,turn;shortly;second;i'm;after;two;there's;going,"Leave. >> No, there's there's like >> I got a live odds to >> Nah, not picked on first turn, but like second like shortly after shortly after. >> He's just not playing that. >> Second turn, second turn, second turn. >> Shortly after. >> I'm going to I'm going to say >> I'm two su",captions/segments/pQcjwEjo6us.json
GjlM3r948EI:001,GjlM3r948EI,Nico Reads Junbin Like a Book,2026-05-06,1,00:00:00,00:00:23,23.28,mixed_other,,short_analysis_or_highlight,60,30,45,72,51,purpose;god;wow;waiting;microchecked;he's,"But, they just got microchecked. Oh my god. Did he do that on purpose? No way. He's waiting. Oh my god, he did do that on purpose. Wow.",captions/segments/GjlM3r948EI.json
ijlmDdVIdtk:001,ijlmDdVIdtk,The New Dallas Fuel Can't Stop Winning,2026-04-27,1,00:00:00,00:02:43,163.68,macro_space_tempo,macro_space_tempo,analytical_explanation,70,66,87,82,68,space;going;people;map;against;push;lucio;fuel,"The map I picked that's most interesting is Suravasa. And the reason I picked this map, one, I think the most obvious piece of analysis if you're trying to learn something from Fuel Space Station is the way that double flex main tank works against like normal Kiriko Lucio D.Va st",captions/segments/ijlmDdVIdtk.json
ijlmDdVIdtk:002,ijlmDdVIdtk,The New Dallas Fuel Can't Stop Winning,2026-04-27,2,00:02:41,00:05:48,186.32,composition_matchups,composition_matchups;macro_space_tempo,analytical_explanation,64,52,83,80,64,split;team;map;start;people;want;splits;going,first people we went on is. Are we quick enough at reacting to the way the enemy team is moving and who they're trying to punish? Do we give up space fast enough to avoid getting punished? Do we re-push fast enough to avoid the rest of our team getting punished? Point one is kind,captions/segments/ijlmDdVIdtk.json
ijlmDdVIdtk:003,ijlmDdVIdtk,The New Dallas Fuel Can't Stop Winning,2026-04-27,3,00:05:46,00:09:36,230.08,pro_team_analysis,pro_team_analysis;composition_matchups;macro_space_tempo,match_commentary,67,53,71,82,62,going;fuel;luke;see;point;bait;ssg;sojourn,"but right? But you can see that Luke is totally fine to bait himself, right? He's intentionally doing it. You can also see the by the way that Kellen reacts. This is probably something they do a lot, right? Where Luke is going to bait himself hard. They're totally fine using the ",captions/segments/ijlmDdVIdtk.json
ijlmDdVIdtk:004,ijlmDdVIdtk,The New Dallas Fuel Can't Stop Winning,2026-04-27,4,00:09:38,00:12:49,191.8,macro_space_tempo,macro_space_tempo;fight_execution_review,analytical_explanation,66,54,85,81,65,going;fight;they're;ssg;backline;walk;that's;luke,"So this is really well played. At no point really is the TP available for SSG. The way they do this shallow point jump, if you TP now, backline is just going to leave, the monkey's going to punish, you're going to get naded. It kind of sucks. Backline really really disciplined fr",captions/segments/ijlmDdVIdtk.json
ijlmDdVIdtk:005,ijlmDdVIdtk,The New Dallas Fuel Can't Stop Winning,2026-04-27,5,00:12:51,00:15:24,152.6,fight_execution_review,fight_execution_review;macro_space_tempo,analytical_explanation,68,59,84,83,66,kill;going;turn;fight;team;time;play;done,"Luke kills himself for this bait. Now, this is again I think there are some big pros and cons to Luke's play style. There's a reason that he's dying doing this all the time and Dallas Fuel is still winning. Now, it's tricky because to argue this kind of thing, you have to deal wi",captions/segments/ijlmDdVIdtk.json
AtmKIdmLLQ8:001,AtmKIdmLLQ8,At Least We Won ONE Match,2026-04-17,1,00:00:00,00:02:39,159.08,macro_space_tempo,macro_space_tempo,analytical_explanation,64,55,86,83,70,engage;map;rocket;going;fight;tree;he's;zero,"Diamond Pearl remakes are are mid. I'd put them in B. Like it's at the end of the day it's still Diamond and Pearl but they're just mid. Like they didn't do anything better. They're not like this tier of remake. They didn't do anything better than the originals at all, which is r",captions/segments/AtmKIdmLLQ8.json
AtmKIdmLLQ8:002,AtmKIdmLLQ8,At Least We Won ONE Match,2026-04-17,2,00:02:40,00:05:10,150.2,macro_space_tempo,macro_space_tempo;fight_execution_review,mixed_discussion,65,48,86,84,67,turn;fight;lep;rocket;beat;kill;zero;pge,"So we take two top. We clear Tree again. Zero uses time to kill Skyle, right? I think this push top is is a good idea from us. I don't know how the [ __ ] Skyle dies in main. He has to use his mic or something. The battle ignites me. I'm here. Yeah. We're just [ __ ] trolling and",captions/segments/AtmKIdmLLQ8.json
AtmKIdmLLQ8:003,AtmKIdmLLQ8,At Least We Won ONE Match,2026-04-17,3,00:05:09,00:07:35,145.12,fight_execution_review,fight_execution_review;macro_space_tempo,analytical_explanation,66,51,85,84,66,hitscan;zarya;grab;lucio;fight;damage;kill;tree,"But uh we just aren't good at playing against this. Like we either need to just drop to the vend or stay up to the vend and fight him. And if we can block the hitscan, we should stay with the vend and fight him. If we can't block the hitscan, we should drop and LOS the enemy hits",captions/segments/AtmKIdmLLQ8.json
AtmKIdmLLQ8:004,AtmKIdmLLQ8,At Least We Won ONE Match,2026-04-17,4,00:07:32,00:10:25,173.36,macro_space_tempo,macro_space_tempo;composition_matchups;player_decisions_mechanics,analytical_explanation,67,63,88,83,69,rush;zarya;play;fight;it's;going;collusion;all,"but PGE killed the Zarya. Now, theoretically, if you're on a team that can kill the Lucio and then your Zarya is good enough to live, maybe your Zarya can LOS the hitscan during this turn and then your hitscan can live long enough to get back into the fight against the vendetta. ",captions/segments/AtmKIdmLLQ8.json
AtmKIdmLLQ8:005,AtmKIdmLLQ8,At Least We Won ONE Match,2026-04-17,5,00:10:22,00:12:34,131.52,fight_execution_review,fight_execution_review;macro_space_tempo,mixed_discussion,64,47,84,83,64,turn;going;fight;zero;kill;lapin;tree;rocket,"But they just greed. Look at him greed. He just goes for two more slashes and an overhead for no reason and just kills everyone like just loses the fight for his whole team just cuz he wanted to greed an overhead on literally nothing. Look at this. No, nobody. They do our thing. ",captions/segments/AtmKIdmLLQ8.json
AtmKIdmLLQ8:006,AtmKIdmLLQ8,At Least We Won ONE Match,2026-04-17,6,00:12:31,00:15:36,184.48,macro_space_tempo,macro_space_tempo;pro_team_analysis,match_commentary,64,51,86,83,69,vendetta;going;he's;shoot;turn;space;hitscan;fight,"So usually what you'll do if you're the attacking team and you know this is going to happen cuz it's very difficult to make this not happen, right? Either your guy has to greed and stay in longer and block extra hard, which is a possibility, right? Maybe he should have done that ",captions/segments/AtmKIdmLLQ8.json
mXrTyliwJTI:001,mXrTyliwJTI,HE HID FOR 14 SECONDS??,2026-04-16,1,00:00:01,00:01:02,60.8,fight_execution_review,fight_execution_review,short_analysis_or_highlight,66,41,83,84,72,top;wall;take;shot;seconds;nade;goes;doesn't,Okay. He goes behind the wall at 13. Oh my god. He just hid behind the wall for 14 seconds. That is ridiculous. This is the one of the top hitscan fights I have ever seen. 14 seconds? Then he hides here and sneaks. Then he goes top? Doesn't take the shot like a real-life professi,captions/segments/mXrTyliwJTI.json
GKkzCd9cvUg:001,GKkzCd9cvUg,Ult Economy Might Be Real,2026-04-09,1,00:00:00,00:03:02,181.44,fight_execution_review,fight_execution_review;composition_matchups;coaching_learning,analytical_explanation,66,62,84,83,63,brig;it's;zenyatta;old;fight;video;trade;tank,"I like that old economy. Dude, you know there's people commenting on that YouTube video immediately after losing. Look at this. I bet this is one of them. Yeah, you got to go, dog. Dead ass, why did you get assigned to DSG? Worst coach of all time. You just got DSG relegated. By ",captions/segments/GKkzCd9cvUg.json
GKkzCd9cvUg:002,GKkzCd9cvUg,Ult Economy Might Be Real,2026-04-09,2,00:03:00,00:05:24,144.2,macro_space_tempo,macro_space_tempo;fight_execution_review,analytical_explanation,65,50,86,83,69,orisa;fight;we're;turn;space;backline;problem;old,"That's just literally not what happened. Like And I understand you guys are OT VODs fans and you don't actually watch the matches, right? Like you just turn on the background, get the Mercy skin or whatever the drop is, right? And then you look up on Liquipedia who won. You look ",captions/segments/GKkzCd9cvUg.json
GKkzCd9cvUg:003,GKkzCd9cvUg,Ult Economy Might Be Real,2026-04-09,3,00:05:23,00:08:59,215.48,macro_space_tempo,macro_space_tempo;fight_execution_review,analytical_explanation,65,52,85,84,66,turn;fight;point;beat;we're;going;set;rally,"Anyways, to do this in 5 seconds and go first with rally, obviously the purpose of this is to bait their push, right? Like you can't actually as Zenyatta Brig start rally, bait a beat, and then ray on top of the beat and win. That's just literally not a thing. So you just don't t",captions/segments/GKkzCd9cvUg.json
GKkzCd9cvUg:004,GKkzCd9cvUg,Ult Economy Might Be Real,2026-04-09,4,00:08:56,00:12:04,187.4,macro_space_tempo,macro_space_tempo,analytical_explanation,66,57,87,83,68,turn;turns;orisa;going;take;good;space;lucio,"Now we're going to re-push top. Or if we really don't want to re-push top cuz the Orisa old, right? Maybe we just don't want to push into the Orisa old in general. That's an acceptable line of thinking. We can do an explosive turn main where we go here and then we [ __ ] deep rin",captions/segments/GKkzCd9cvUg.json
GKkzCd9cvUg:005,GKkzCd9cvUg,Ult Economy Might Be Real,2026-04-09,5,00:12:02,00:14:33,150.6,macro_space_tempo,macro_space_tempo;fight_execution_review,analytical_explanation,65,51,87,82,65,alt;map;economy;don't;probably;alts;support;push,"I don't know what the [ __ ] the plan was. Like this is literally just not how it works at all. Then we double support all combo on point. Actually triple combo on point. Incredible. That's like that's an economy thing. If you guys want to talk about economy, this is the one. Lik",captions/segments/GKkzCd9cvUg.json
KlcWDgdXrZk:001,KlcWDgdXrZk,Playing Second: The Mind Control Warfare of Team Falcons,2026-03-08,1,00:00:00,00:03:00,179.84,pro_team_analysis,pro_team_analysis;player_decisions_mechanics;macro_space_tempo,match_commentary,65,55,72,84,57,decision;going;raccoon;make;play;second;first;crazy,"If you're into competitive OverWatch, you might have heard that some teams like to play first and some teams like to play second. If you've ever watched my channel or my streams, you'll know that I don't like these terms very much. And that's because they're great descriptors for",captions/segments/KlcWDgdXrZk.json
KlcWDgdXrZk:002,KlcWDgdXrZk,Playing Second: The Mind Control Warfare of Team Falcons,2026-03-08,2,00:02:57,00:06:13,195.72,macro_space_tempo,macro_space_tempo;pro_team_analysis;fight_execution_review,analytical_explanation,69,66,87,84,69,raccoon;team;crazy;hanbin;going;checkmate;position;decision,"offer the enemy team CD trades, they're much, much more likely to react to this. If you offer the enemy team this type of CD trade that Hanbin and Checkmate are both doing, they're very pressured to react to this in a specific way. To peek top, or to peek out of this door. This d",captions/segments/KlcWDgdXrZk.json
KlcWDgdXrZk:003,KlcWDgdXrZk,Playing Second: The Mind Control Warfare of Team Falcons,2026-03-08,3,00:06:10,00:09:19,189.32,macro_space_tempo,macro_space_tempo;fight_execution_review,analytical_explanation,70,65,88,85,67,hanbin;fight;decision;punish;ult;team;going;advantage,"cat ult with beautiful engage angles while Mary and Fielder easily push from high. Combined with a domino ult from Hanbin as he baits himself, the advantage that Crazy Raccoon started this fight off with does not turn into anything. And they're easily mind controlled into another",captions/segments/KlcWDgdXrZk.json
KlcWDgdXrZk:004,KlcWDgdXrZk,Playing Second: The Mind Control Warfare of Team Falcons,2026-03-08,4,00:09:17,00:12:46,208.64,fight_execution_review,fight_execution_review;pro_team_analysis;macro_space_tempo,analytical_explanation,72,71,86,84,67,fight;falcons;rush;going;crazy;cds;raccoon;use,"unpunished. Here, you can see another weakness of playing second in this way. If you're going to let the enemy team make decisions and you aren't fast enough to punish them, they'll get a lot of things for free. Free rotations, free map space, and at worst, free kills. As they pe",captions/segments/KlcWDgdXrZk.json
KlcWDgdXrZk:005,KlcWDgdXrZk,Playing Second: The Mind Control Warfare of Team Falcons,2026-03-08,5,00:12:44,00:14:05,81.4,macro_space_tempo,macro_space_tempo;fight_execution_review;player_decisions_mechanics,analytical_explanation,69,60,87,83,66,going;max;decision;react;punish;they're;team;say,"first decision, is going to do something different. Max and Heesang both just set up for this kill on Merit. Max has used his cool down to push and I can see the rest of his team walking up. We still have decent ults in an okay enough position. Instead of full disengaging, what C",captions/segments/KlcWDgdXrZk.json
x2jNJeKiMUU:001,x2jNJeKiMUU,The Biggest Season In Overwatch History,2026-02-08,1,00:00:00,00:03:00,179.841,player_decisions_mechanics,player_decisions_mechanics;game_design_meta,mixed_discussion,61,44,78,84,53,damage;it's;think;cool;tank;broken;know;idea,"Boom. He said, ""Are you [ __ ] kidding me?"" >> Predictable. You >> serious? And then guess what? Boom. The knee of doom. Literally internal organ failure right after this. Did you guys not see this? They've got to progress the story. Obviously, he has to lose, but like they gave ",captions/segments/x2jNJeKiMUU.json
x2jNJeKiMUU:002,x2jNJeKiMUU,The Biggest Season In Overwatch History,2026-02-08,2,00:02:58,00:05:54,175.76,player_decisions_mechanics,player_decisions_mechanics;game_design_meta,mixed_discussion,61,46,78,83,53,think;gun;good;it's;going;overwatch;cool;shield,"has a really flexible shield that he can move with him. That's a nice counterplay tool. And he has rock, which is a skill shot, which like, you know, if the Rams running at me, I can shield his team off from him and then I can rock him and then I I run away and I leave. And that'",captions/segments/x2jNJeKiMUU.json
x2jNJeKiMUU:003,x2jNJeKiMUU,The Biggest Season In Overwatch History,2026-02-08,3,00:05:52,00:09:42,229.84,player_decisions_mechanics,player_decisions_mechanics,analytical_explanation,65,58,80,83,60,damage;think;aura;healing;overwatch;comps;it's;while,">> I think this kit is cool. I think fundamentally it's decent. I don't think there's anything incredibly strong about it unless the gun is just way overtuned damage wise, but I don't think they'll let that happen. And I I think this is just overall is a win on all fronts. Soldie",captions/segments/x2jNJeKiMUU.json
x2jNJeKiMUU:004,x2jNJeKiMUU,The Biggest Season In Overwatch History,2026-02-08,4,00:09:40,00:13:20,220.24,player_decisions_mechanics,player_decisions_mechanics;game_design_meta,mixed_discussion,63,49,79,81,56,think;it's;lucio;healing;that's;support;play;aura,so funny to me. Like you made this up completely. This is your name for it. >> Kakai Sanctuary. >> Like we don't need to do all this. >> Its outer layer absorbs incoming projectiles while allies inside receive healing. Whether countering enemy ultimates are flipping a fight in yo,captions/segments/x2jNJeKiMUU.json
x2jNJeKiMUU:005,x2jNJeKiMUU,The Biggest Season In Overwatch History,2026-02-08,5,00:13:19,00:16:40,201.199,player_decisions_mechanics,player_decisions_mechanics,mixed_discussion,61,41,78,83,57,damage;it's;deflect;two;fire;can't;abilities;think,"But I think that's probably going to end up being most of his niche. I don't think like if Lucio's on the board, I can't I can't see him being great. >> The elder sister of the water wielding Wuang Enron is a star student at Wooing University. >> Enron is an assassin style DPS wh",captions/segments/x2jNJeKiMUU.json
x2jNJeKiMUU:006,x2jNJeKiMUU,The Biggest Season In Overwatch History,2026-02-08,6,00:16:38,00:20:45,247.44,game_design_meta,game_design_meta;pro_team_analysis;composition_matchups,match_commentary,64,56,58,82,49,think;it's;good;going;all;tournament;i'm;game,"but I think the counterplay tools against it are kind of limited, I think, is the problem. Giving a complete invulnerability as this person's counterplay to like dodging CDs is just too strong. I don't enjoy complete invulnerability. I think Genji Deflect is a perfect example of ",captions/segments/x2jNJeKiMUU.json
UC8D2vBDf_0:001,UC8D2vBDf_0,2026 Announcement,2026-02-02,1,00:00:04,00:02:21,136.32,career_community_personal,career_community_personal,promotion_housekeeping,64,50,29,81,12,content;video;channel;two;maybe;youtube;videos;want,"Announcement time. I decided that for 2026, I'm going to do something different with my content. Um, I made a post here. I made a tweet and I also did a stream on Twitch um that explained my thoughts in this more detail if you're interested in that. But the short version of it I'",captions/segments/UC8D2vBDf_0.json
UC8D2vBDf_0:002,UC8D2vBDf_0,2026 Announcement,2026-02-02,2,00:02:18,00:05:12,173.92,career_community_personal,career_community_personal;coaching_learning,personal_editorial,64,52,29,80,16,review;it's;want;i'll;video;content;tier;access,"But for now, this is what it's set. It's a $5 tier where I will post a vote uh weekly, every Monday for the video topic that you guys want. And then on the weekend, I'll make a video covering whatever the winner of the vote is. Uh and for example, I have a post up right now, whic",captions/segments/UC8D2vBDf_0.json
Hl-nV1aF1yE:001,Hl-nV1aF1yE,Back Up to Go Forward,2026-01-26,1,00:00:00,00:02:19,139.36,macro_space_tempo,macro_space_tempo,analytical_explanation,72,60,87,83,73,push;map;you're;it's;fight;comp;bastion;work,"I was about to give you guys an explanation of this fight, and then I heard bubbles in my head saying give me it in one sentence, right? So, we're going to do an actual analysis. I'm going to explain this concept, and if that sounds like a lot of work for you, and you don't want ",captions/segments/Hl-nV1aF1yE.json
Hl-nV1aF1yE:002,Hl-nV1aF1yE,Back Up to Go Forward,2026-01-26,2,00:02:17,00:04:49,152.4,macro_space_tempo,macro_space_tempo,analytical_explanation,79,67,85,83,73,back;push;video;don't;map;comp;can't;backing,"But what they try to do is they try to make this push work for a while. They like force cart. It's already too late to back up now. Cuz by the time they've backed up, the map is already been cleared and you don't get to hide. These people already got to walk up and now they see y",captions/segments/Hl-nV1aF1yE.json
Hl-nV1aF1yE:003,Hl-nV1aF1yE,Back Up to Go Forward,2026-01-26,3,00:04:47,00:07:05,137.56,macro_space_tempo,macro_space_tempo,analytical_explanation,66,52,85,83,71,going;they're;back;timing;falcons;look;far;can't,"so this type of timing is very very different because what'll happen is we'll get here and then if they want to punish this by walking up, they'll get here, right? And now we can make our play as these people are cut out. What Envy did, and also what this team did, is they backed",captions/segments/Hl-nV1aF1yE.json
Hl-nV1aF1yE:004,Hl-nV1aF1yE,Back Up to Go Forward,2026-01-26,4,00:07:04,00:09:41,157.08,macro_space_tempo,macro_space_tempo,analytical_explanation,65,52,86,82,71,they're;back;push;map;look;going;poke;falcons,"So they're going to do what everyone good does in between fights and they're going to poke the walk up, right? They're going to go poke spawn. But Twisted Minds pokes spawn a little bit different than other teams. Look at Twisted Minds. 50 seconds They're poking spawn. And this i",captions/segments/Hl-nV1aF1yE.json
Hl-nV1aF1yE:005,Hl-nV1aF1yE,Back Up to Go Forward,2026-01-26,5,00:09:40,00:12:09,149.8,fight_execution_review,fight_execution_review,analytical_explanation,69,53,84,83,72,fight;going;want;they're;don't;ults;rush;you're,"First of all, this lets them farm their ults. They're just going to farm their rush because of this. They're so good at this, and this lets them play when they're down ults, right? Again, another reason why ult economy doesn't really matter cuz this is a tool that you have if you",captions/segments/Hl-nV1aF1yE.json
FjoWkH6Sl1k:001,FjoWkH6Sl1k,How Good is the New Tier 2?,2026-01-21,1,00:00:00,00:03:45,225.6,macro_space_tempo,macro_space_tempo;fight_execution_review,analytical_explanation,65,56,85,82,73,good;point;going;timing;all;time;that's;team,"Oh my lord. Real cap, dude. That's what people always say in ranked when I play ranked on my main. You want me to say yes? I'm the real cap. You're You're free to speak to me now. Let me show you guys what was happening in this game really quickly before we get into this. He's fu",captions/segments/FjoWkH6Sl1k.json
FjoWkH6Sl1k:002,FjoWkH6Sl1k,How Good is the New Tier 2?,2026-01-21,2,00:03:42,00:06:39,176.801,fight_execution_review,fight_execution_review;macro_space_tempo,mixed_discussion,62,48,84,84,67,fight;point;turn;play;game;rush;you're;that's,"first before I say that. Never mind. He gutted the [ __ ] out. I take everything back. It's not even like a quick 180. Like, he has a bunch of time, right? It's not even a quick 180. It's like a 30° turn and he just [ __ ] shifts into the wall and dies. Everything was good except",captions/segments/FjoWkH6Sl1k.json
FjoWkH6Sl1k:003,FjoWkH6Sl1k,How Good is the New Tier 2?,2026-01-21,3,00:06:38,00:10:43,245.0,composition_matchups,composition_matchups;macro_space_tempo;fight_execution_review,analytical_explanation,67,58,83,83,67,rush;map;it's;want;they're;see;know;don't,now if you do this right. Just take a side of the map and control it. What they do instead is none of those things. They walk up a sloppy dog [ __ ] walk up with no 321 where Dion gets poked out even though they're effectively up one right now. This should be literally impossible,captions/segments/FjoWkH6Sl1k.json
FjoWkH6Sl1k:004,FjoWkH6Sl1k,How Good is the New Tier 2?,2026-01-21,4,00:10:45,00:12:52,127.439,macro_space_tempo,macro_space_tempo,analytical_explanation,69,59,86,84,70,winter;good;zeb;sense;chuds;setup;rush;angle,"Okay, Winter just peaked at 140 HP, right? So, this is just the type of thing that you just don't see. Not to be Winter is 130 HP, right, behind the wall and just decides I can probably get away with it, right? You can't. There's no reason to do this. You don't even have either o",captions/segments/FjoWkH6Sl1k.json
FjoWkH6Sl1k:005,FjoWkH6Sl1k,How Good is the New Tier 2?,2026-01-21,5,00:12:50,00:15:54,183.681,fight_execution_review,fight_execution_review;macro_space_tempo;composition_matchups,analytical_explanation,66,51,83,84,70,fight;winter;queen;blizzard;dies;backline;maybe;think,"so far. >> These are CDs on the queen. The rush gets forced. Houseman dies, but gets a decent blizzard off. They beat before Queen gets matched. >> Interesting be from NY. >> Seconds remaining. >> Manually kills Lich though. Probably a nice shot. >> I think this fight was not tha",captions/segments/FjoWkH6Sl1k.json
FjoWkH6Sl1k:006,FjoWkH6Sl1k,How Good is the New Tier 2?,2026-01-21,6,00:15:51,00:18:09,138.0,fight_execution_review,fight_execution_review,analytical_explanation,68,57,85,84,64,fight;fights;need;backline;it's;don't;rush;owcs,"less like egregiously bad fights, but overall correct understanding of how to take fights is pretty similar. I would say I think the biggest difference is there's just a gigantic amount of chuting out from individual players. And whatever the cause of that is, either it's just in",captions/segments/FjoWkH6Sl1k.json
aHwWbiUE4KQ:001,aHwWbiUE4KQ,Ultimate Economy Does Not Matter,2026-01-08,1,00:00:00,00:03:02,182.079,fight_execution_review,fight_execution_review;composition_matchups,analytical_explanation,73,65,85,83,61,overwatch;ults;comps;much;important;game;fight;concept,"Today I'm going to be explaining something kind of controversial in Overwatch 2 that's responsible for a lot of personal headaches of mine when I have to listen to other people talk about the game. Ult economy. Now in Overwatch 1, economy was incredibly real and an important conc",captions/segments/aHwWbiUE4KQ.json
aHwWbiUE4KQ:002,aHwWbiUE4KQ,Ultimate Economy Does Not Matter,2026-01-08,2,00:03:00,00:05:40,159.361,fight_execution_review,fight_execution_review,analytical_explanation,78,75,88,84,67,fight;overwatch;toronto;much;ults;trades;kill;tanks,next fight is free. Wrong. Seeker's hiding in this bottom right room. It is going to kill one person to start the fight. >> Toronto is still going to get to point and they're going to use their Arisa rally combo to kill Zer. But Seeker uses the messiness of this fight and his own,captions/segments/aHwWbiUE4KQ.json
aHwWbiUE4KQ:003,aHwWbiUE4KQ,Ultimate Economy Does Not Matter,2026-01-08,3,00:05:37,00:09:45,248.0,fight_execution_review,fight_execution_review,analytical_explanation,76,75,86,84,67,fight;ults;overwatch;used;team;teams;ult;old,"anyways. Here, Shock use B and Nano, and they're simply able to kill the enemy tank. In Overwatch 2, this plays out a lot differently. On walk-ups, you're allowed to let your front line walk in completely alone, and if they play properly, they will not die if the enemy team uses ",captions/segments/aHwWbiUE4KQ.json
iLX7uqsC1jE:001,iLX7uqsC1jE,The Best Questions of 2025,2026-01-02,1,00:00:00,00:02:58,178.24,composition_matchups,composition_matchups;coaching_learning;game_design_meta,analytical_explanation,68,58,84,83,59,meta;comp;interesting;pro;good;question;overwatch;life,"Everyone go boost interaction. I have 22 up votes. Holy [ __ ] Everyone go up this um and and ask this guy deleted. Come remove by moderator. Dude, the gay center thought guy got sniped by mods. I responded. Any meta in particular you think was the most interesting in general? Wh",captions/segments/iLX7uqsC1jE.json
iLX7uqsC1jE:002,iLX7uqsC1jE,The Best Questions of 2025,2026-01-02,2,00:02:53,00:05:44,171.12,coaching_learning,coaching_learning;game_design_meta;pro_team_analysis,analytical_explanation,67,53,75,82,60,think;teams;it's;good;first;two;need;much,"body hitbox. In general, they should use hitbox balancing a lot more. Zen's big problem is that his body is [ __ ] gigantic because he does that cross pose with his legs and it gives him literally twice the body hit, maybe three times the body hit box of like some of the other su",captions/segments/iLX7uqsC1jE.json
iLX7uqsC1jE:003,iLX7uqsC1jE,The Best Questions of 2025,2026-01-02,3,00:05:40,00:08:46,186.401,game_design_meta,game_design_meta;player_decisions_mechanics;composition_matchups,analytical_explanation,67,59,61,83,50,support;player;meta;tank;people;main;drops;that's,"but I think fans just like rooting for all teams more than teams. It's my only I don't know. I don't have any of the viewers statistics, so I'm not going to pretend like I really know what I'm talking about here. But why was Sim never as prevalent in meta in OB1 as she was in OB2",captions/segments/iLX7uqsC1jE.json
iLX7uqsC1jE:004,iLX7uqsC1jE,The Best Questions of 2025,2026-01-02,4,00:08:45,00:12:23,217.76,player_decisions_mechanics,player_decisions_mechanics;coaching_learning;game_design_meta,analytical_explanation,64,50,78,82,57,think;it's;team;play;players;good;character;people,"really weird spot right now. Like hit scan is kind of the weakest it's ever been. Not ever been, right? But like in a in a long time. But that makes a weird paradox where like that actually makes the role require way more skill than it usually does. And so that means the differen",captions/segments/iLX7uqsC1jE.json
iLX7uqsC1jE:005,iLX7uqsC1jE,The Best Questions of 2025,2026-01-02,5,00:12:20,00:15:01,160.64,coaching_learning,coaching_learning;player_decisions_mechanics;game_design_meta,mixed_discussion,62,43,75,82,53,people;season;that's;don't;think;good;dude;any,but his time is coming. That's what I'll say. Tendency to discount mechanics when it comes to improving at this game. How often do you think are good fights just lost because people miss shots and people don't die as often as they should have? How does it change at different leve,captions/segments/iLX7uqsC1jE.json
iLX7uqsC1jE:006,iLX7uqsC1jE,The Best Questions of 2025,2026-01-02,6,00:14:58,00:18:24,205.281,player_decisions_mechanics,player_decisions_mechanics;coaching_learning,mixed_discussion,62,43,78,84,49,it's;players;you're;talent;new;cuz;think;coaches,But and also like once you take a break it's way harder to get back into it. Like Hawk got kind of lucky because he like he had a really big name for a really long time so it was easier for him. But for most other people like Icy's been playing a lot again. Bubbles is playing aga,captions/segments/iLX7uqsC1jE.json
iLX7uqsC1jE:007,iLX7uqsC1jE,The Best Questions of 2025,2026-01-02,7,00:18:22,00:21:10,167.68,coaching_learning,coaching_learning,mixed_discussion,61,47,75,83,49,practice;game;learn;they'll;know;everyone;video;works,"all of them, not everybody reaches their potential. That's just how it works, right? Not everybody gets on the good team that that has the environment they need. Struggling finding what my identity and job in both comps and gameplay. What mindset is best for staying aware of what",captions/segments/iLX7uqsC1jE.json
jSCHyAWoUjc:001,jSCHyAWoUjc,Rokit Makes Vendetta Look Broken,2025-12-21,1,00:00:00,00:03:00,180.92,fight_execution_review,fight_execution_review,mixed_discussion,63,46,82,83,62,trying;you're;don't;cooldowns;take;i'm;three;people,"We are live. Trying VBR and 1600 kilobits per second bitrate. Yes, you heard that correctly. We have upped it from 1500 to 1600. Everybody on YouTube complaining. Oh, please raise the bitrate. Oh, please raise The bitrate has been raised. You're welcome. We'll go through the fit ",captions/segments/jSCHyAWoUjc.json
jSCHyAWoUjc:002,jSCHyAWoUjc,Rokit Makes Vendetta Look Broken,2025-12-21,2,00:02:59,00:06:32,213.04,macro_space_tempo,macro_space_tempo,analytical_explanation,68,60,87,83,69,spot;space;fight;damage;team;tank;map;engage,"Now he catches his bap and rotate, and he's just he's just He's just in a nice scouting spot where he can pay attention to what's going on and react to things effectively. Then he catches him again when he goes high. Boom. Easy. Characters have a really strong engage potential, r",captions/segments/jSCHyAWoUjc.json
jSCHyAWoUjc:003,jSCHyAWoUjc,Rokit Makes Vendetta Look Broken,2025-12-21,3,00:06:34,00:10:06,212.24,macro_space_tempo,macro_space_tempo;player_decisions_mechanics;fight_execution_review,analytical_explanation,67,59,87,83,76,map;players;lane;see;ult;that's;pathing;options,"Pathing right, pathing deep outside of the map. This is very important, by the way. We're going to take a second. There is outsides of the map that normal players don't use. They forget to use, right? Cuz it's complicated. It's not directly in front of your eyes. And who can reme",captions/segments/jSCHyAWoUjc.json
jSCHyAWoUjc:004,jSCHyAWoUjc,Rokit Makes Vendetta Look Broken,2025-12-21,4,00:10:04,00:12:38,153.92,macro_space_tempo,macro_space_tempo;fight_execution_review;composition_matchups,analytical_explanation,70,59,86,83,67,poke;position;there's;spot;should;see;powerful;back,"but also one shots back liners. How do you decide what to do? The answer is if you're a good player, you're fluidly doing both of them all the time, right? It's not cut and dry. You can't tell someone I hate it when people ask me in a cut and dry manner, right? Oh, should I flank",captions/segments/jSCHyAWoUjc.json
jSCHyAWoUjc:005,jSCHyAWoUjc,Rokit Makes Vendetta Look Broken,2025-12-21,5,00:12:38,00:16:13,214.8,fight_execution_review,fight_execution_review;macro_space_tempo,analytical_explanation,65,51,83,84,68,ult;sojourn;flux;hold;guy;enemy;team;going,"Also, only one fire strike. Keep that. That's That's maybe more important than I'm giving it credit for. Goes over the top from main, kind of passive engage, gets out. This is something that's really important. When you know a strong push is incoming and the enemy team is baiting",captions/segments/jSCHyAWoUjc.json
M8393UkZxjY:001,M8393UkZxjY,Why Does Team Liquid Evaporate on Stage,2025-12-19,1,00:00:00,00:02:19,139.447,macro_space_tempo,macro_space_tempo;fight_execution_review;pro_team_analysis,analytical_explanation,67,51,85,84,61,kill;map;team;merritt;frag;damn;all;wait,"What are we doing today , Ank? They finally released Liquid Files. I had a really bad two days because I tweeted that Expedition 33 was overrated. Now I have 10 million notifications every time I go on Twitter because this [ __ ] got 16,000 likes. And besides, they're all Expedit",captions/segments/M8393UkZxjY.json
M8393UkZxjY:002,M8393UkZxjY,Why Does Team Liquid Evaporate on Stage,2025-12-19,2,00:02:18,00:05:58,220.223,fight_execution_review,fight_execution_review;macro_space_tempo,analytical_explanation,73,63,83,84,66,kill;zer;work;team;zero;should;want;know,"but they're not giving Zero time to work. Like, I see through this fight that Zer, it's obvious as soon as you look at the setup that these people are going to have free and uncontrolled angles. Three on the left and zero here, but they don't give him any time. It seems like it w",captions/segments/M8393UkZxjY.json
M8393UkZxjY:003,M8393UkZxjY,Why Does Team Liquid Evaporate on Stage,2025-12-19,3,00:05:57,00:09:58,240.64,fight_execution_review,fight_execution_review;macro_space_tempo;coaching_learning,analytical_explanation,70,59,83,84,68,main;left;question;team;target;people;work;proper,"now Proper is behind him. Look at this timing. Great. Watch as Fielder gets involved too. That's the difference, right? Hanbin comes in. Everyone is peeking, right? And you know what Fielder is n't thinking about here? What if I die during this peek? What if it's too dangerous? W",captions/segments/M8393UkZxjY.json
M8393UkZxjY:004,M8393UkZxjY,Why Does Team Liquid Evaporate on Stage,2025-12-19,4,00:09:57,00:13:10,193.068,macro_space_tempo,macro_space_tempo;composition_matchups,analytical_explanation,67,60,85,83,64,all;position;room;maybe;five;shooting;need;make,"So what now? We need to find a way to occupy this position without him getting knocked out while we rotate to another location. True? This is a common technique on most other maps. Play from shields, shooting the enemy little by little . Maybe stock up on railguns, use our moment",captions/segments/M8393UkZxjY.json
M8393UkZxjY:005,M8393UkZxjY,Why Does Team Liquid Evaporate on Stage,2025-12-19,5,00:13:09,00:16:07,177.558,macro_space_tempo,macro_space_tempo;fight_execution_review,analytical_explanation,70,64,87,83,73,position;survive;echo;zer;use;make;guy;take,"first point, deep teleports aren't really a big threat to this comp, because if you want to TP for my Ram, well, let's say for hash, everyone else will survive, right? These people will survive with our cooldowns. This guy will survive. This guy isn't going to die, right? So we'l",captions/segments/M8393UkZxjY.json
M8393UkZxjY:006,M8393UkZxjY,Why Does Team Liquid Evaporate on Stage,2025-12-19,6,00:16:06,00:19:00,173.796,macro_space_tempo,macro_space_tempo,analytical_explanation,74,63,86,84,69,it's;attack;map;kill;know;cart;321;understand,"so effective on Shambala: if you go straight to the best point on the map, which is to that window. This is an obvious position for piracy. There's a reason he's not going there now. Many Genjis I know would be very drawn to this place, right? Because it's so cool. But hold back ",captions/segments/M8393UkZxjY.json
M8393UkZxjY:007,M8393UkZxjY,Why Does Team Liquid Evaporate on Stage,2025-12-19,7,00:18:59,00:22:40,221.654,macro_space_tempo,macro_space_tempo,analytical_explanation,69,58,86,83,68,map;position;dive;dps;zer;make;it's;that's,"now that we have Nana, what will we die of? They jump to the top. Merit is not, he is under the money. Shitty staging. I hate everything about this . Yes. So here comes a bit of a macro game with splits . Yes. If I can give both of my backliners to one of my DPS for a moment and ",captions/segments/M8393UkZxjY.json
M8393UkZxjY:008,M8393UkZxjY,Why Does Team Liquid Evaporate on Stage,2025-12-19,8,00:22:39,00:25:29,170.025,composition_matchups,composition_matchups;pro_team_analysis;fight_execution_review,analytical_explanation,71,57,84,84,65,dive;fight;team;tag;problem;any;all;support,"so funny that Ana can outshoot any Hitskan with a headshot. Oh, I knew it would be like that . So we have Bob, we have Nano, and we have Primal. How are we going to get involved in this fight? Let me take a look. Because they have a very similar situation. They have Nano and Prim",captions/segments/M8393UkZxjY.json
t1dnez3yuZ4:001,t1dnez3yuZ4,"Dva is Broken, so Why Aren't We Winning?",2025-12-14,1,00:00:00,00:02:11,131.52,career_community_personal,career_community_personal;macro_space_tempo;game_design_meta,personal_editorial,64,47,30,82,18,hawk;map;they're;off;good;content;top;think,"Let's get into SSG. What do we have? 17 emo here. We have your team peps. I am good, bro. Unless someone can get me an OPR. Any Blizzard executives in the chat? Aaron Keller, if you're watching, give me a content creator OPR and I will give you 100 hours of content. Also, these O",captions/segments/t1dnez3yuZ4.json
t1dnez3yuZ4:002,t1dnez3yuZ4,"Dva is Broken, so Why Aren't We Winning?",2025-12-14,2,00:02:10,00:05:57,226.959,composition_matchups,composition_matchups;macro_space_tempo;fight_execution_review,mixed_discussion,62,48,83,83,62,rush;point;use;push;fight;he's;don't;bob,Now he's afraid to push in the one fight where we need to flip the map and push. Hawk needs to sprint at this fight and give my a TP to get past the monkey. They just walked into the nanom monkey here. >> Like look at Hawk now. You want to play safe and reserved in the old fight ,captions/segments/t1dnez3yuZ4.json
t1dnez3yuZ4:003,t1dnez3yuZ4,"Dva is Broken, so Why Aren't We Winning?",2025-12-14,3,00:05:55,00:08:49,173.84,fight_execution_review,fight_execution_review;composition_matchups;macro_space_tempo,mixed_discussion,67,49,82,83,63,don't;swing;he's;chronic;tracer;fight;want;resource,"lets him go past the corner so he doesn't see that he's turning the corner. Now Sugar doesn't know if he's backing up and then he aggressively peaks the corner with the sleep. Boom. Man, >> I think I've only heard good things about him. Yeah. How was Chronic just picked? Am I neu",captions/segments/t1dnez3yuZ4.json
t1dnez3yuZ4:004,t1dnez3yuZ4,"Dva is Broken, so Why Aren't We Winning?",2025-12-14,4,00:08:46,00:12:36,230.28,fight_execution_review,fight_execution_review;macro_space_tempo,mixed_discussion,62,51,83,83,62,we're;going;it's;grab;max;first;hate;nervous,"it. But you need this beat. Like this beat is make or break. And we're 87 and we're walking up and we're tabbing, right? And we're fight planning and we're saying, ""Okay, we're going to [ __ ] start with rush."" You don't say anything about bullock because you just use it when you",captions/segments/t1dnez3yuZ4.json
t1dnez3yuZ4:005,t1dnez3yuZ4,"Dva is Broken, so Why Aren't We Winning?",2025-12-14,5,00:12:37,00:16:46,248.24,macro_space_tempo,macro_space_tempo;fight_execution_review,analytical_explanation,64,56,86,83,60,map;fight;can't;two;ssg;space;player;know,">> E, tracking. Damn, nobody can hit a shot on Spint. Poor CJ. Also, Loki not getting healed by Lep. Happens though. >> That's such a tragic pick. And also such a tragic using five volts in a one fight for no reason. My back on's graph. >> No, Max. >> Chronic cross map slip and t",captions/segments/t1dnez3yuZ4.json
Y4ORvoqZ1P0:001,Y4ORvoqZ1P0,How Far Has NA Fallen,2025-12-11,1,00:00:00,00:04:05,245.52,composition_matchups,composition_matchups;fight_execution_review,analytical_explanation,64,51,82,82,60,dive;you're;point;good;they're;team;first;watch,"Honestly, let's give this a like. I'm just such a nice guy. I'm just such a nice guy just giving likes out to all the chuds on my YouTube videos. Boom. Do you guys want to watch GK versia first? Cuz I want to watch both of these today. So, let's watch Alcasia first. Alasia versus",captions/segments/Y4ORvoqZ1P0.json
Y4ORvoqZ1P0:002,Y4ORvoqZ1P0,How Far Has NA Fallen,2025-12-11,2,00:04:02,00:07:01,178.36,fight_execution_review,fight_execution_review;macro_space_tempo,analytical_explanation,65,52,83,83,67,it's;point;job;fight;wall;zest;they're;sim,"okay windows, front liner windows for windows that they're supposed to be contributing. You can contribute from very far away. You can contribute to medium value from very far away without sprinting it down. So this is one of those fights, right? Twist is walking up. Zest and Don",captions/segments/Y4ORvoqZ1P0.json
Y4ORvoqZ1P0:003,Y4ORvoqZ1P0,How Far Has NA Fallen,2025-12-11,3,00:07:02,00:10:06,184.56,composition_matchups,composition_matchups;fight_execution_review,analytical_explanation,65,52,83,82,62,it's;going;don't;rush;fight;lethal;nice;know,"Oh, I don't like this. This is a weird spot to be poking from when you know the enemy team can TP in and kill you. Okay, Lethal is just burgering out for no reason and thinks that he's allowed to poke this. You're not allowed to poke this against TP. Yeah, I just don't know what ",captions/segments/Y4ORvoqZ1P0.json
Y4ORvoqZ1P0:004,Y4ORvoqZ1P0,How Far Has NA Fallen,2025-12-11,4,00:10:04,00:13:38,214.4,fight_execution_review,fight_execution_review;macro_space_tempo,analytical_explanation,65,57,83,84,63,ram;love;fight;die;break;kuffa;it's;he's,"Even if we can't really stop the TPS, we can chuck gigantic amounts of damage across the map at the TPS, right? Like this EV gets landed, main gets the DME, then he goes over the top. So, they play this kind of like messy trade play style that works well enough. The problem is yo",captions/segments/Y4ORvoqZ1P0.json
Y4ORvoqZ1P0:005,Y4ORvoqZ1P0,How Far Has NA Fallen,2025-12-11,5,00:13:37,00:17:32,235.2,fight_execution_review,fight_execution_review,mixed_discussion,61,46,82,82,60,two;copy;literally;it's;even;they're;sim;lamp,"First of all, this poke is incredible. Like lethal hitting these >> bolas. >> This wall kind of sucks dick. And this lamp is force prefight. So like if they TP like Lubda doesn't get this lamp over here and he just dies, which is like really really impactful. Okay, so it's right ",captions/segments/Y4ORvoqZ1P0.json
sqtmsbHxrLE:001,sqtmsbHxrLE,Symm is NOT Meta... Twisted Minds are Just Better,2025-12-08,1,00:00:00,00:03:17,197.76,coaching_learning,coaching_learning;pro_team_analysis;game_design_meta,match_commentary,67,60,77,83,59,scrims;map;ban;match;we're;it's;tournament;important,"I got better tracer. You know, we'll figure it out one of these days. We're We're right on the brink of making a breakthrough. I don't but nobody has figured it out yet. This T1 Twisted Minds match actually is really important to me. This is like the most important match of the w",captions/segments/sqtmsbHxrLE.json
sqtmsbHxrLE:002,sqtmsbHxrLE,Symm is NOT Meta... Twisted Minds are Just Better,2025-12-08,2,00:03:16,00:05:25,128.841,composition_matchups,composition_matchups;pro_team_analysis,analytical_explanation,70,61,85,81,67,comp;tournament;map;sim;three;better;lucio;comps,"first example. Let's go to a specific match, but this was an example of a great draft. We prepared a ton of Zarya, Lucio, Kiri comps. Well, you didn't [ __ ] play them where it's a very similar matchup, but instead of playing some dog [ __ ] Anna Brig, Ram comp where if you watch",captions/segments/sqtmsbHxrLE.json
sqtmsbHxrLE:003,sqtmsbHxrLE,Symm is NOT Meta... Twisted Minds are Just Better,2025-12-08,3,00:05:27,00:08:12,164.976,game_design_meta,game_design_meta;fight_execution_review;macro_space_tempo,analytical_explanation,69,56,58,84,62,it's;he's;fight;rally;lip;instead;both;tournament,>> [laughter] >> So this is what we call in the business double dipping. So they go through bottom right. They TP to the mega. Nothing crazy. This is a medium value TP by the way. Like nothing incredibly strong about this TP. Tv&t gets the enemy high ground. Now Lip drops off. An,captions/segments/sqtmsbHxrLE.json
sqtmsbHxrLE:004,sqtmsbHxrLE,Symm is NOT Meta... Twisted Minds are Just Better,2025-12-08,4,00:08:11,00:11:16,185.76,fight_execution_review,fight_execution_review;composition_matchups;macro_space_tempo,analytical_explanation,67,58,83,82,66,going;jump;monkey;lucio;fight;we're;there's;good,first three critical moments from from map one that really really made me start to wonder. They go Dorado and they ban Sim. Obviously dog should draft. We need our Sim banned for later and we should be able to win a dive ccentric map without having to ban Sim if we were good. Thi,captions/segments/sqtmsbHxrLE.json
sqtmsbHxrLE:005,sqtmsbHxrLE,Symm is NOT Meta... Twisted Minds are Just Better,2025-12-08,5,00:11:15,00:13:22,127.4,composition_matchups,composition_matchups;coaching_learning;fight_execution_review,analytical_explanation,67,52,84,82,71,fight;coach;there's;we're;sim;hard;tournament;tank,"First of all, I just saw Funny Astro's up, right? Funny Astro's wall riding at the top. We just picked Yubie. We're up one, right? There's only one way to lose this and it's that. That is the only way to lose this fight. And when I watched this live, I freaked out. I freaked out,",captions/segments/sqtmsbHxrLE.json
sqtmsbHxrLE:006,sqtmsbHxrLE,Symm is NOT Meta... Twisted Minds are Just Better,2025-12-08,6,00:13:28,00:17:06,218.48,macro_space_tempo,macro_space_tempo;player_decisions_mechanics;composition_matchups,analytical_explanation,67,61,86,83,68,map;want;reaction;players;lucio;genji;think;nervous,>> And he pokes from right and then he slips through the back main after farming his rail and breaking the lamp. Look at this. Kills Kellix. No reaction. Kills land and headshot. No reaction. literally nothing. He's just a robot whose only purpose is to kill people. This is somet,captions/segments/sqtmsbHxrLE.json
LSrm0ocaS1Q:001,LSrm0ocaS1Q,The Secret Rules to Pro Aim,2025-11-15,1,00:00:00,00:03:04,184.68,player_decisions_mechanics,player_decisions_mechanics,analytical_explanation,69,55,81,83,73,movement;aim;player;pros;people;pattern;it's;hit,"In my retirement, I've had a lot of time to watch a lot of VODs. It's become more apparent to me, and I used to think that like a lot of pros had similar levels of aim. Like I thought, for example, this was your average player, you know? This is like a GM player. I guess it's cha",captions/segments/LSrm0ocaS1Q.json
LSrm0ocaS1Q:002,LSrm0ocaS1Q,The Secret Rules to Pro Aim,2025-11-15,2,00:03:02,00:05:38,156.72,player_decisions_mechanics,player_decisions_mechanics,mixed_discussion,63,42,78,82,70,left;going;you're;off;crosshair;strafe;he's;guy,"pick these options and how quickly you do them and how quickly you process all of them. Like this is all happening 0.1 seconds. I'm slowing it down to explain it, right? And we've paused it. So all everything I've I'm saying, I'm going to be describing it like it's easy, but unde",captions/segments/LSrm0ocaS1Q.json
LSrm0ocaS1Q:003,LSrm0ocaS1Q,The Secret Rules to Pro Aim,2025-11-15,3,00:05:37,00:08:07,150.36,player_decisions_mechanics,player_decisions_mechanics,mixed_discussion,61,35,77,83,65,strafe;he's;crosshair;going;short;off;keep;cut,"first clips where we see like he's shooting a tank, and this is where I personally think Lip outclasses most of the other hit scans. When this guy comes in, is his crosshair on his head already? So that's one shot. And if you look at the way he moves his crosshair, there's one sh",captions/segments/LSrm0ocaS1Q.json
LSrm0ocaS1Q:004,LSrm0ocaS1Q,The Secret Rules to Pro Aim,2025-11-15,4,00:08:05,00:10:48,162.88,player_decisions_mechanics,player_decisions_mechanics,mixed_discussion,65,46,79,83,66,movement;going;strafe;off;he's;cut;i'm;hitscan,"So cutting him off, this is what Lip decides to do here. The other tool is what he was doing in Zarya, right? Which is where I can just kind of follow, and I can wait for him to do the other strafe. The problem in long hit scan duels is if you overuse this tool where you follow t",captions/segments/LSrm0ocaS1Q.json
LSrm0ocaS1Q:005,LSrm0ocaS1Q,The Secret Rules to Pro Aim,2025-11-15,5,00:10:47,00:13:47,180.04,player_decisions_mechanics,player_decisions_mechanics,mixed_discussion,61,37,78,82,67,left;guy;move;flick;crosshair;he's;waits;moves,"When he comes out to look at this guy, you can see him engage the [ __ ] the full throttle of the brain, right? So, when he moves his crosshair to this guy, he's slightly to the left, right? And so, then he has to guess what movement pattern this guy is going to do, and he doesn'",captions/segments/LSrm0ocaS1Q.json
LSrm0ocaS1Q:006,LSrm0ocaS1Q,The Secret Rules to Pro Aim,2025-11-15,6,00:13:46,00:17:09,203.079,player_decisions_mechanics,player_decisions_mechanics,mixed_discussion,61,33,77,84,65,guy;crosshair;he's;going;strafe;shot;knows;hit,"when you hit a shot, cuz you will hit a shot eventually, right? Whatever you either guess the movement pattern correctly or you're just using your raw skill, what he does is he doesn't overreact to hitting his own shot, and usually just stays in the same spot, right? And so, when",captions/segments/LSrm0ocaS1Q.json
AcAxvnAEYpg:001,AcAxvnAEYpg,How Are Old OWL Players Still So Good?,2025-11-06,1,00:00:00,00:03:06,186.0,macro_space_tempo,macro_space_tempo;composition_matchups;pro_team_analysis,analytical_explanation,67,56,85,83,73,hit;going;walk;it's;early;map;dive;point,"SSG liquid is winning. Not super surprising. Or oh, I should have added an option for watch. What is every international digidestance dig evolution line effect is waiting over the top. What do you even do here? If your SSG hawk is going into the right room for no reason. Anyone w",captions/segments/AcAxvnAEYpg.json
AcAxvnAEYpg:002,AcAxvnAEYpg,How Are Old OWL Players Still So Good?,2025-11-06,2,00:03:04,00:06:04,179.52,pro_team_analysis,pro_team_analysis;fight_execution_review,match_commentary,63,51,72,83,55,room;fight;we're;spawn;owl;liquid;dive;walk,"first fight on Espirona and we are retaking. We're literally out of spawn on Espirona. There's this long ass 40 meter walk up from the spawn to the door, right? And as we're walking out literally 2 meters outside of the Espirona spawn door, Twilight peaks the mega room and chucks",captions/segments/AcAxvnAEYpg.json
AcAxvnAEYpg:003,AcAxvnAEYpg,How Are Old OWL Players Still So Good?,2025-11-06,3,00:06:02,00:08:19,136.36,macro_space_tempo,macro_space_tempo,analytical_explanation,65,52,87,83,65,turn;hawk;rotate;it's;space;angle;they're;make,"reason to be patient. >> I'm telling you, man, if you're >> tricky matchup, but I mean, >> this fiveman rotate is just [ __ ] brutal, bro. Understanding whose turn it is to walk up and get involved in certain things is also important. You go bottom right on Ilios and we live the ",captions/segments/AcAxvnAEYpg.json
AcAxvnAEYpg:004,AcAxvnAEYpg,How Are Old OWL Players Still So Good?,2025-11-06,4,00:08:21,00:11:52,210.68,macro_space_tempo,macro_space_tempo,mixed_discussion,60,47,84,83,64,room;it's;don't;turn;chronic;rotate;let's;guys,">> My dog is freaking the [ __ ] out, man. You good? >> Okay. Whoa. Whoa. Oh, what did I just see? >> Hawk flies top back line. >> Why does Lep do this? >> That's something Lucio do a lot. Actually, a lot of backlines don't know when it's their turn to start getting involved. Som",captions/segments/AcAxvnAEYpg.json
AcAxvnAEYpg:005,AcAxvnAEYpg,How Are Old OWL Players Still So Good?,2025-11-06,5,00:11:59,00:14:40,161.04,macro_space_tempo,macro_space_tempo;fight_execution_review,analytical_explanation,71,67,87,84,76,all;window;windows;turn;rotate;tank;poke;map,"he just blew all his [ __ ] DM for no reason. Top. >> Yeah, there's some trades, but it's like, man, your only job was touching point. >> When is it your turn to get involved when a when a window opens up? Because both of these teams understand what the windows are. Like, there's",captions/segments/AcAxvnAEYpg.json
1OvQ5PAK0w0:001,1OvQ5PAK0w0,Why Good Players Make Stupid Mistakes,2025-11-03,1,00:00:00,00:02:41,160.546,player_decisions_mechanics,player_decisions_mechanics;fight_execution_review,mixed_discussion,62,44,78,83,61,should;fight;about;you're;say;players;focus;want,"[music] I've actually Oh my god, my my chrome is just like blinding the [ __ ] out of me today, bro. I don't know what I did. Is my hand normal? Okay, my hand is normal again. Okay, >> I was going to say warm up, but that's very disrespectful to Sakura, but this will be like one ",captions/segments/1OvQ5PAK0w0.json
1OvQ5PAK0w0:002,1OvQ5PAK0w0,Why Good Players Make Stupid Mistakes,2025-11-03,2,00:02:39,00:05:29,169.76,fight_execution_review,fight_execution_review;player_decisions_mechanics;macro_space_tempo,analytical_explanation,69,60,84,84,74,about;fight;thinking;should;stage;question;mistake;moment,"but the reason that it's not obvious to them in the game is because of the way they're thinking about things in the moment, right? And this is way more important than your theoretical knowledge of the game. Is how in the game while you're playing it, how are you actually applying",captions/segments/1OvQ5PAK0w0.json
1OvQ5PAK0w0:003,1OvQ5PAK0w0,Why Good Players Make Stupid Mistakes,2025-11-03,3,00:05:26,00:08:31,184.56,player_decisions_mechanics,player_decisions_mechanics;fight_execution_review,mixed_discussion,66,48,78,82,67,lip;time;about;player;want;point;obvious;moment,"The rally's here, right? So this is this is a really good natural point. This is why I paused it here at the first point, right? So what I would want any player to do at this reset point in the fight is to think about what the next step is. And we don't have any ults, right? We w",captions/segments/1OvQ5PAK0w0.json
1OvQ5PAK0w0:004,1OvQ5PAK0w0,Why Good Players Make Stupid Mistakes,2025-11-03,4,00:08:29,00:11:34,184.88,fight_execution_review,fight_execution_review;player_decisions_mechanics,analytical_explanation,69,51,83,84,70,about;fight;thinking;you're;focus;problem;it's;he's,"well, right? He would blink out this way or blink out this way and he wouldn't just die, right? The problem is if you get in Lip's head right now, he's clearly thinking about something else, right? This is when he's thinking about the rest of the fight. He's thinking, ""Oh, okay. ",captions/segments/1OvQ5PAK0w0.json
1OvQ5PAK0w0:005,1OvQ5PAK0w0,Why Good Players Make Stupid Mistakes,2025-11-03,5,00:11:32,00:14:34,182.279,macro_space_tempo,macro_space_tempo;player_decisions_mechanics;fight_execution_review,mixed_discussion,59,39,84,82,72,should;going;what's;about;job;fight;backline;point,"bandwidth am I devoting to what's to our plan to what's going to happen in the pre-fight, right? Am I devoting 80% and only leaving 20% for these adjustments and for, you know, the things that are going to happen deep into the midfight? And then when do I reset that? When the gra",captions/segments/1OvQ5PAK0w0.json
1OvQ5PAK0w0:006,1OvQ5PAK0w0,Why Good Players Make Stupid Mistakes,2025-11-03,6,00:14:34,00:17:36,181.92,fight_execution_review,fight_execution_review;macro_space_tempo,analytical_explanation,70,60,84,82,69,fight;farm;control;beat;tracer;want;seeker;point,So now we have Window Zombo of course set up to help the tail. Luke and Seeker see him. Pulse goes wide and window come out. Natsky beats through. Then why beats to live? Luke dies deep in this midfight. Secret dies here too. So what's the problem? We know the Tracer setting up t,captions/segments/1OvQ5PAK0w0.json
1OvQ5PAK0w0:007,1OvQ5PAK0w0,Why Good Players Make Stupid Mistakes,2025-11-03,7,00:17:32,00:19:24,112.081,composition_matchups,composition_matchups;macro_space_tempo;fight_execution_review,analytical_explanation,70,57,86,82,69,rush;space;poke;fights;fight;control;walk;thinking,"Why when we know they're going to rush or Bola? Zero spacing. Probably because we're not thinking about the right thing, right? Think about the enemy rush. You don't get to use your rush here because card is not in a good spot, right? So, until you push card to a certain spot, yo",captions/segments/1OvQ5PAK0w0.json
2X_yEWyNms0:001,2X_yEWyNms0,How I Would Fix Overwatch (As A Former Pro),2025-09-23,1,00:00:00,00:03:34,213.52,game_design_meta,game_design_meta,analytical_explanation,66,58,59,83,60,good;characters;genji;boom;look;role;meta;they're,"Very short balancing rant. Okay, someone was asking me about this the other day. Like, what would I change? There's a lot I would change. Boom. Okay. Boom. Boom. Boom. Boom. Boom. Boom. Let's do this. Boom. Boom. There we go. Okay. So, now we're going to start the rant. Someone a",captions/segments/2X_yEWyNms0.json
2X_yEWyNms0:002,2X_yEWyNms0,How I Would Fix Overwatch (As A Former Pro),2025-09-23,2,00:03:32,00:06:30,178.32,game_design_meta,game_design_meta,analytical_explanation,66,56,59,84,64,characters;should;game;role;good;situational;roles;ground,"but for normal people that play the game. You know, if you're a Sojurnn player and Sojurnn gets nerfed into the ground, you don't want to switch to Genji, right? No matter whether you're a pro player or a diamond player, right? you want to switch to a character that's adjacent th",captions/segments/2X_yEWyNms0.json
2X_yEWyNms0:003,2X_yEWyNms0,How I Would Fix Overwatch (As A Former Pro),2025-09-23,3,00:06:28,00:10:18,230.48,game_design_meta,game_design_meta,mixed_discussion,61,52,58,82,55,need;tanks;fight;that's;characters;rework;needs;good,"Ryan, Sig have kind of really really suffered from 5v5 and I think these characters need slight reworks. That's maybe would be the third step is like if you buff a role and then we nerf individual characters. Say we buff ground tanks, we nerf Ram, but Zarya, Ryan, Sig are still j",captions/segments/2X_yEWyNms0.json
TOaKp3Z44ho:001,TOaKp3Z44ho,THEY COULDN'T SURVIVE IN THE WEST... SO THEY RAN TO KOREA.,2025-09-15,1,00:00:00,00:03:19,199.0,macro_space_tempo,macro_space_tempo;pro_team_analysis;player_decisions_mechanics,match_commentary,66,59,87,82,63,map;mag;wait;going;backline;through;wall;ride,"We just lost him. Oh, okay. What was it? T1 way cheeseburger. Crazy raccoon. Zeta map five with onside gaming. I actually just got chills thinking about Mag and Kellen going headtohead. Mag doing the coast roll out. Instantly gets 2v1 and hacked and all of his cool downs forced. ",captions/segments/TOaKp3Z44ho.json
TOaKp3Z44ho:002,TOaKp3Z44ho,THEY COULDN'T SURVIVE IN THE WEST... SO THEY RAN TO KOREA.,2025-09-15,2,00:03:22,00:07:05,222.88,macro_space_tempo,macro_space_tempo;fight_execution_review,analytical_explanation,63,51,85,83,68,turn;going;mag;he's;you're;corner;time;through,">> Okay. Okay. You're just [ __ ] trolling, bro. Just what? Both of these teams are going map five with dild. I'll be honest. Knife trying to get in on Finn. Oh, Bliss is dead. Opener dies, too. Okay, we're going death for death here. How does Bliss die, though? Careful of that u",captions/segments/TOaKp3Z44ho.json
TOaKp3Z44ho:003,TOaKp3Z44ho,THEY COULDN'T SURVIVE IN THE WEST... SO THEY RAN TO KOREA.,2025-09-15,3,00:07:03,00:09:26,143.521,fight_execution_review,fight_execution_review;pro_team_analysis;player_decisions_mechanics,match_commentary,65,50,83,84,63,kellen;going;don't;dies;please;it's;health;code,"so much when you can wall ride? >> Don't step out of your element, dude. Just wall ride. Why are you flopping on the ground? Just wall ride up here, bro. Auto dies in the enemy spawn again. That's the third time. Kellen has just died on point, though. Okay. Misses the mega. Doesn",captions/segments/TOaKp3Z44ho.json
TOaKp3Z44ho:004,TOaKp3Z44ho,THEY COULDN'T SURVIVE IN THE WEST... SO THEY RAN TO KOREA.,2025-09-15,4,00:09:24,00:12:28,184.319,fight_execution_review,fight_execution_review;macro_space_tempo,analytical_explanation,65,51,83,83,66,going;fight;all;hit;slam;recall;micro;everybody,So this is this is clean from this team. It's clean from both teams. Maka dodges the slam. See? Okay. This micro is already billions of leagues above. This is just clean micro from everybody. >> We're going to live. Nice job. Everybody living this nano and just overcommits really,captions/segments/TOaKp3Z44ho.json
TOaKp3Z44ho:005,TOaKp3Z44ho,THEY COULDN'T SURVIVE IN THE WEST... SO THEY RAN TO KOREA.,2025-09-15,5,00:12:26,00:15:45,198.32,player_decisions_mechanics,player_decisions_mechanics;composition_matchups,mixed_discussion,63,47,79,82,67,going;slam;they're;it's;lucio;dps;team;take,"so imagine with me. Let's close our eyes, right? Let's do some visualization. If you were a team that wanted to retake Lijang, right? How are we going to move our people around? My hazard's going to go here, right? How are you going to move everyone else around? Does anyone have ",captions/segments/TOaKp3Z44ho.json
ln2t2rl1KYw:001,ln2t2rl1KYw,How to Enter the Pocket,2025-09-10,1,00:00:00,00:03:55,234.84,fight_execution_review,fight_execution_review;macro_space_tempo;composition_matchups,analytical_explanation,68,60,83,82,69,going;hit;about;i'm;range;pocket;overwatch;enter,"Freo. Look at that. I'm the goat. Anyways, yesterday we watched some T1 versus Crazy Raccoon. We watched the way uh that they handle spacing and it was interesting to me because I remember watching a very similar matchup when Team Z played GK. Okay, so I'm pretty sure the only di",captions/segments/ln2t2rl1KYw.json
ln2t2rl1KYw:002,ln2t2rl1KYw,How to Enter the Pocket,2025-09-10,2,00:03:56,00:07:02,185.679,macro_space_tempo,macro_space_tempo;composition_matchups;fight_execution_review,analytical_explanation,67,51,84,83,70,pocket;know;entered;rush;all;you're;realistically;early,">> We rush. They beat an Astro point, right? Let's pause this the exact moment we enter the pocket, right? And also, I want to be super clear that most of what we are doing here is cheating, right? And is way easier than what the players have to do in the game. And that's why thi",captions/segments/ln2t2rl1KYw.json
ln2t2rl1KYw:003,ln2t2rl1KYw,How to Enter the Pocket,2025-09-10,3,00:07:00,00:09:58,177.839,fight_execution_review,fight_execution_review;macro_space_tempo,mixed_discussion,63,46,82,83,71,spacing;skill;good;check;fight;don't;we're;pocket,"right in the [ __ ] face and kills you. He flatlands you on the f in front of your family, in front of your friends, in front of 10,000 audience members and your coach, right? And you have to sit there on the ground. You say, ""I just don't know what happened, bro. He's just way b",captions/segments/ln2t2rl1KYw.json
ln2t2rl1KYw:004,ln2t2rl1KYw,How to Enter the Pocket,2025-09-10,4,00:09:56,00:13:38,221.68,fight_execution_review,fight_execution_review;macro_space_tempo;composition_matchups,analytical_explanation,73,61,83,82,70,fight;stepping;going;pocket;monkey;know;good;astro,"first 10 seconds. I don't remember what happens after this, but this is great. Right, we go to clear left. Astro is spacing properly, right? Astro has not entered the pocket. Good job. Now, we're going to default fiveman right. Boom. Sneaky, right? Main one comes to punish his ro",captions/segments/ln2t2rl1KYw.json
ln2t2rl1KYw:005,ln2t2rl1KYw,How to Enter the Pocket,2025-09-10,5,00:13:37,00:17:43,245.921,macro_space_tempo,macro_space_tempo;fight_execution_review;composition_matchups,analytical_explanation,66,56,84,83,72,we're;use;there's;know;important;game;cds;step,"but he doesn't [ __ ] know that, right? You wouldn't because we have wall hacks again. Let's get the IPOV, right? What does he know? What does Astro know realistically? Right? He knows that someone's here, right? This is all we know. And then Zest comes that it's clear. And then ",captions/segments/ln2t2rl1KYw.json
ln2t2rl1KYw:006,ln2t2rl1KYw,How to Enter the Pocket,2025-09-10,6,00:17:41,00:20:20,158.56,coaching_learning,coaching_learning;player_decisions_mechanics;fight_execution_review,analytical_explanation,68,52,75,81,64,tracer;something;point;touch;there's;i'm;want;they're,"but they're getting to actually play the game. Right. Right now Viper is starting this fight in the pocket for no [ __ ] reason. Right. We were just talking about why you would never do this cuz there's just no reason to be doing this. And so what happens? Well, now Dar gets to d",captions/segments/ln2t2rl1KYw.json
ln2t2rl1KYw:007,ln2t2rl1KYw,How to Enter the Pocket,2025-09-10,7,00:20:18,00:22:47,149.12,macro_space_tempo,macro_space_tempo,analytical_explanation,73,62,87,83,71,map;space;fighting;tracer;lucio;fight;left;he's,"So this is imagine yourself. You're like a face it player, right? And you get picked up to this league and Lip is your coach. And this is what happens. Proper's on the enemy team and Lip is on your team and they're fighting in the side lane. And what does Assagi do? He sees this.",captions/segments/ln2t2rl1KYw.json
aNBstKtsPms:001,aNBstKtsPms,Australians CAN Coach? (Joybait),2025-09-04,1,00:00:00,00:03:02,182.64,fight_execution_review,fight_execution_review;macro_space_tempo;coaching_learning,analytical_explanation,67,60,85,81,66,fight;dps;team;videos;player;angle;you're;want,"What's the topic of today's stream? Okay. Well, the topic after we do the fantasy is I'm starting a new trend called Joy Baiting Wednesday. I'm gonna react to a some videos today, but I wanted to to react in a positive way and point out the things that I agree with and things tha",captions/segments/aNBstKtsPms.json
aNBstKtsPms:002,aNBstKtsPms,Australians CAN Coach? (Joybait),2025-09-04,2,00:03:01,00:06:59,238.4,macro_space_tempo,macro_space_tempo;composition_matchups;fight_execution_review,analytical_explanation,71,66,85,79,70,he's;going;tank;dive;you're;there's;little;it's,"needs to be way closer to something like this where my Orisa actually instead of going from here to here, he's actually gonna go from here out into this space. And then my SGE gets to actually get a really good angle of the the walk up and punish the poke. So, if you want to figh",captions/segments/aNBstKtsPms.json
aNBstKtsPms:003,aNBstKtsPms,Australians CAN Coach? (Joybait),2025-09-04,3,00:06:58,00:10:50,231.6,fight_execution_review,fight_execution_review,analytical_explanation,69,64,83,79,69,fight;plan;back;need;early;going;that's;kite,"now where they're going first and he doesn't really know how to like get into the fight without like dying. You need a little bit of patience. just go left, charge rail off this Orisa for a little bit and then your team's going to rush and then he wanted him to peek here. That's ",captions/segments/aNBstKtsPms.json
aNBstKtsPms:004,aNBstKtsPms,Australians CAN Coach? (Joybait),2025-09-04,4,00:10:48,00:13:51,183.28,fight_execution_review,fight_execution_review;coaching_learning,mixed_discussion,65,44,82,83,59,punch;it's;value;kill;fight;you're;about;they'll,"But like, this is clean, right? Sign sports. >> Earlier this month with Widow, one of the most important aspects is being incredibly expensive to kill. >> Might not make sense yet, but take this fight here. Chronic is playing as far away as possible by the coast. When we were tal",captions/segments/aNBstKtsPms.json
aNBstKtsPms:005,aNBstKtsPms,Australians CAN Coach? (Joybait),2025-09-04,5,00:13:48,00:15:48,119.12,fight_execution_review,fight_execution_review;career_community_personal,mixed_discussion,57,37,81,81,63,video;it's;fight;think;good;comp;there's;micro,"move or get a good TP off at all. And >> that's good point. Like um touched on the micro. Honestly, this this is well made. Like >> touch on the micro of the punches, good blocks, good widow positioning. And then also the way that we take this fight doesn't let them TP, right? Li",captions/segments/aNBstKtsPms.json
1UNctVbRS3M:001,1UNctVbRS3M,How To Win Without Doing Damage,2025-08-31,1,00:00:00,00:02:40,160.239,fight_execution_review,fight_execution_review;player_decisions_mechanics;macro_space_tempo,analytical_explanation,72,65,85,83,70,fight;damage;don't;people;clear;space;can't;dps,"I want to watch because finally some Korean matches happened. Um, my cat is just on my [ __ ] desk every day, bro. Is Hitcan playable? I assumed no when I looked at the patch, right? Because we nerfed both playable hit scans HP, but Falcon seems to think that Hitscan is playable ",captions/segments/1UNctVbRS3M.json
1UNctVbRS3M:002,1UNctVbRS3M,How To Win Without Doing Damage,2025-08-31,2,00:02:38,00:05:42,184.24,fight_execution_review,fight_execution_review;macro_space_tempo;composition_matchups,analytical_explanation,70,58,84,83,71,fight;he's;someone;fighting;see;saying;setup;comp,"now someone is like, I'm going to get cleared here, right? I don't really want to stuff this. Let me get the [ __ ] out of here. Right, cuz they're coming to clear me. And in this window, right, we backed up. He's come to us. He backs up. That's our timing because we have all our",captions/segments/1UNctVbRS3M.json
1UNctVbRS3M:003,1UNctVbRS3M,How To Win Without Doing Damage,2025-08-31,3,00:05:40,00:08:44,184.0,macro_space_tempo,macro_space_tempo;composition_matchups;fight_execution_review,analytical_explanation,70,60,86,82,72,i'm;waiting;dive;understand;space;specifically;you're;we'll,"hide basically anywhere on the map. But can I hide just outside of the range where the tank can scout me? Cuz the div.a doesn't want to come in this room. If he comes in this room, we'll all kill him, right? Staying outside of this scouting range, like constantly utilizing this t",captions/segments/1UNctVbRS3M.json
1UNctVbRS3M:004,1UNctVbRS3M,How To Win Without Doing Damage,2025-08-31,4,00:08:41,00:11:55,193.76,macro_space_tempo,macro_space_tempo;composition_matchups,analytical_explanation,71,59,85,80,69,i'm;lucio;it's;there's;team;hide;tracer;going,"Spinch is fighting right up here. >> We're fighting him a little bit. We're fighting and then they hide. They have to hide from us, right? Because they need to reload. They need to Someone needs to get healed, right? He needs to get his boosters back, right? And so if they have t",captions/segments/1UNctVbRS3M.json
1UNctVbRS3M:005,1UNctVbRS3M,How To Win Without Doing Damage,2025-08-31,5,00:11:54,00:15:03,189.12,composition_matchups,composition_matchups;macro_space_tempo,analytical_explanation,68,60,84,80,73,dive;it's;hard;setup;spawn;he's;space;genji,"right? He can just go somewhere and split. One of the tricky parts of playing this comp is understanding how hard to actually commit to any given dive. And I think this is is too hard of a commitment. Like I don't know, it looks to me like their plan was to blade. Like I don't se",captions/segments/1UNctVbRS3M.json
1UNctVbRS3M:006,1UNctVbRS3M,How To Win Without Doing Damage,2025-08-31,6,00:15:01,00:17:52,171.52,composition_matchups,composition_matchups;macro_space_tempo,mixed_discussion,64,45,83,83,66,dive;time;around;he's;don't;boom;map;fight,"immediately path around him. He doesn't even know where he's poking, right? And then everybody gets around Ram at the same time and he's too late. Right? By the time he realizes that Spint has gotten around him, Spint has already basically like He's already passed him. Spint has ",captions/segments/1UNctVbRS3M.json
1UNctVbRS3M:007,1UNctVbRS3M,How To Win Without Doing Damage,2025-08-31,7,00:17:50,00:20:55,185.36,macro_space_tempo,macro_space_tempo;fight_execution_review;composition_matchups,analytical_explanation,64,50,86,80,72,i'm;fight;he's;tank;genji;dive;don't;push,"first engage. If you find yourself hard committing on engages and you find that everybody's looking at you, you probably [ __ ] up. Look at this. This is this is important cuz this is the fog of war at work here again, right? You see, everybody here is is actually way farther awa",captions/segments/1UNctVbRS3M.json
1UNctVbRS3M:008,1UNctVbRS3M,How To Win Without Doing Damage,2025-08-31,8,00:20:53,00:24:54,241.679,player_decisions_mechanics,player_decisions_mechanics;coaching_learning;composition_matchups,analytical_explanation,72,67,80,80,68,don't;understand;people;fight;watch;they're;that's;make,"like if I'm poking and they go around to reload or to hide from me, that's my [ __ ] chance, bro. I can go in the window. I can go over. Boom. Don't miss this opportunity. Proper's here. Boom. Boom. Boom. Boom. Boom. Dead. Dead. Right. Fighting the ball. The Tracer. Okay. Okay. T",captions/segments/1UNctVbRS3M.json
vu4KmVKp2f0:001,vu4KmVKp2f0,How Do You Beat Symmetra Cheese Comps?,2025-08-10,1,00:00:02,00:03:15,192.6,macro_space_tempo,macro_space_tempo;composition_matchups;pro_team_analysis,match_commentary,66,62,87,83,63,fight;symmetra;twisted;beat;space;raccoon;map;crazy,"The 2025 Overwatch Esports World Cup just recently concluded with Falcons coming away the winner. Korea is still on top of Overwatch at the moment. However, Alcatsia, an EU team, got second place and Twisted Minds, another EU team, knocked out the heavy Korean favorite Crazy Racc",captions/segments/vu4KmVKp2f0.json
vu4KmVKp2f0:002,vu4KmVKp2f0,How Do You Beat Symmetra Cheese Comps?,2025-08-10,2,00:03:24,00:05:54,150.32,pro_team_analysis,pro_team_analysis;composition_matchups;fight_execution_review,match_commentary,65,55,74,83,57,fight;good;falcons;raccoon;off;it's;going;crazy,">> Even though we use ults to fight back, it's way too late. Twisted Mind setup is way too good, and this fight is super cut and dry in their favor. So, how do we stop a good TP? Falcons knows the answer. Don't let them get to the spot where you make the good TP. Of course, it's ",captions/segments/vu4KmVKp2f0.json
vu4KmVKp2f0:003,vu4KmVKp2f0,How Do You Beat Symmetra Cheese Comps?,2025-08-10,3,00:06:02,00:09:02,179.6,composition_matchups,composition_matchups;pro_team_analysis,analytical_explanation,73,69,86,84,66,falcons;able;punish;comp;raccoon;dive;stop;good,team >> here. They're not able to stop this TP at all. Junin can't poke the walk up. Kissing and Lip are both really struggling to dual Quartz. This is an angle TP for Quartz and it's really easy for him to just force out Junin with the slow. >> Jumpin gets Bubble and Suzu Force ,captions/segments/vu4KmVKp2f0.json
vu4KmVKp2f0:004,vu4KmVKp2f0,How Do You Beat Symmetra Cheese Comps?,2025-08-10,4,00:08:59,00:12:01,181.961,composition_matchups,composition_matchups;macro_space_tempo,analytical_explanation,69,55,83,83,65,fight;comp;value;punish;next;make;bad;tps,"okay value TP and live this dive. After that, they need to hold some space and wait for the next TP. Crazy Raccoon, however, needs to set up, make this TP bad, and then set up again to make the next TP bad. Either that or find some way to hard punish a TP, which is really difficu",captions/segments/vu4KmVKp2f0.json
x5ej22cA7G0:001,x5ej22cA7G0,I HATE Coaching.,2025-07-14,1,00:00:03,00:03:21,198.239,coaching_learning,coaching_learning;career_community_personal,analytical_explanation,74,65,76,81,62,coaching;you're;student;that's;content;know;good;bad,"I hate coaching. Now, if you know me or you watch my channel or my streams or whatever, that might seem weird to you because all of my content is coaching content. Was a competitive coach for many years. Overwatch is also not the only thing that I've coached. coached a lot of dif",captions/segments/x5ej22cA7G0.json
x5ej22cA7G0:002,x5ej22cA7G0,I HATE Coaching.,2025-07-14,2,00:03:18,00:06:29,190.881,coaching_learning,coaching_learning;career_community_personal,analytical_explanation,69,55,73,81,60,it's;good;whatever;want;student;someone;questions;question,"But a real student, a good student who comes to you in in earnest and wants to learn, it is your job to help them, right? Especially if it is someone that is a competitor that is competing for, you know, is really competing, right? If you're it's not my obligation to help a Twitc",captions/segments/x5ej22cA7G0.json
x5ej22cA7G0:003,x5ej22cA7G0,I HATE Coaching.,2025-07-14,3,00:06:27,00:08:29,122.16,coaching_learning,coaching_learning,analytical_explanation,71,55,78,83,66,question;tracer;you're;i'm;that's;say;already;questions,"you reach out to me or another coach or player and you say something like, ""How do I get out of diamond?"" Or you say, ""How do I play Tracer?"" Or you say, ""How do I play tank?"" Those questions suck. Right? Those are terrible questions. I'm not interested in answering that question",captions/segments/x5ej22cA7G0.json
x5ej22cA7G0:004,x5ej22cA7G0,I HATE Coaching.,2025-07-14,4,00:08:28,00:11:35,187.279,coaching_learning,coaching_learning,analytical_explanation,66,55,75,80,64,maybe;question;answer;questions;don't;player;you're;that's,"So may maybe I'm not even going to do my work. Right? Not everyone's going to reach out to you. Not everyone agrees with me that you're you need to do that and that you're supposed to do that and maybe not not everyone is accessible enough to see your DM, right? There's also an a",captions/segments/x5ej22cA7G0.json
x5ej22cA7G0:005,x5ej22cA7G0,I HATE Coaching.,2025-07-14,5,00:11:33,00:13:49,136.32,coaching_learning,coaching_learning,mixed_discussion,63,42,75,83,56,question;want;about;people;don't;care;ranked;won't,"and he jumps over and he one-shots the bap and he breaks the lamp. And someone asked me a specific question. if I'm in ranked, right? And I don't remember the exact question, but he asked something specific like, um, should I have used the wall differently in a ranked scenario wh",captions/segments/x5ej22cA7G0.json
xabIcyolpJA:001,xabIcyolpJA,How to Make Plays Like the Best Freja (Kronik),2025-07-11,1,00:00:00,00:02:19,139.04,fight_execution_review,fight_execution_review;player_decisions_mechanics,mixed_discussion,64,47,83,83,57,chronic;fight;he's;first;team;find;everyone;season,"Yeah, you can technically um where you going? Uh I Liquid here. Such a tough spot to be in goes down a beast. >> Oh, he hit him in the air, too. Oh my god. Get his ass. Oh, P. Stormy, buddy. Chronic with an unbelievable set of plays. >> Chronic is one of the most talented players",captions/segments/xabIcyolpJA.json
xabIcyolpJA:002,xabIcyolpJA,How to Make Plays Like the Best Freja (Kronik),2025-07-11,2,00:02:17,00:05:48,210.6,fight_execution_review,fight_execution_review;player_decisions_mechanics,analytical_explanation,70,56,83,84,62,kill;going;chronic;seeker;he's;duel;angle;time,"but he's not going to wait too long and he's not going to let people set up to kill him. Immediately he starts to move to the right to take a new angle and see if he can find Seeker again. >> That was chance number one to kill Seeker. And since I see them rotating, I can just cha",captions/segments/xabIcyolpJA.json
xabIcyolpJA:003,xabIcyolpJA,How to Make Plays Like the Best Freja (Kronik),2025-07-11,3,00:05:56,00:09:37,221.12,macro_space_tempo,macro_space_tempo;player_decisions_mechanics;fight_execution_review,analytical_explanation,66,52,85,83,66,make;play;shoot;top;see;it's;position;damage,"If you get good at this, you can effectively do two jobs at once. Here I am dueling the Freya and I'm stopping him from doing a lot of damage by forcing him off his angle, but I'm also firing shots at the backline and at Kellum. If you're on the other end of this, it's important ",captions/segments/xabIcyolpJA.json
E1bYy6OE_OQ:001,E1bYy6OE_OQ,How to SEE Overwatch Like GEEKAY Esports,2025-07-02,1,00:00:00,00:02:33,152.88,career_community_personal,career_community_personal;pro_team_analysis;fight_execution_review,personal_editorial,68,56,30,83,22,everybody;videos;overwatch;it's;going;first;team;see,"There are a lot of things that I hate in Overwatch. I'm a very hateful person. Maybe first and foremost among those are the terms tempo and going first. These terms get thrown around a lot by players and coaches in the pro scene in Overwatch, maybe even in your ranked games, but ",captions/segments/E1bYy6OE_OQ.json
E1bYy6OE_OQ:002,E1bYy6OE_OQ,How to SEE Overwatch Like GEEKAY Esports,2025-07-02,2,00:02:31,00:05:14,162.84,fight_execution_review,fight_execution_review;macro_space_tempo;player_decisions_mechanics,analytical_explanation,72,56,84,83,68,fight;nightmare;see;want;players;wall;position;set,"second Nightmare tries to set up anything, GK is going to know about it. Even if they don't want to fight here, and they usually don't, this is the first part of the fight. As soon as anyone on Nightmare tries to set up, GK will know about it and be able to respond to it quickly.",captions/segments/E1bYy6OE_OQ.json
E1bYy6OE_OQ:003,E1bYy6OE_OQ,How to SEE Overwatch Like GEEKAY Esports,2025-07-02,3,00:05:21,00:08:25,184.84,fight_execution_review,fight_execution_review;macro_space_tempo,analytical_explanation,70,61,84,82,66,fight;see;setup;nothing;going;liquid;sees;able,"So, what happened? Rocket gets to set up top left. He's going to pull his blade out because we aren't able to stop his setup. And when Rocket is in the air and we hear the Genji voice line of doom, what do you think everybody sees? Nothing. Nothing. Nothing. Nothing. And nothing.",captions/segments/E1bYy6OE_OQ.json
SJdCkYn6Is0:001,SJdCkYn6Is0,Donghak Theory: How to Carry With no Help,2025-06-20,1,00:00:00,00:02:35,155.24,player_decisions_mechanics,player_decisions_mechanics;fight_execution_review;coaching_learning,analytical_explanation,68,56,80,83,60,kill;bubble;players;brig;sleep;going;dong;backline,"Do you jump on backons and complain when you die? Do you struggle to kill players and win duels? Do you find yourself often saying, ""I wish I would have gotten more help there."" If any of that sounds like you, you're probably pretty [ __ ] at the game. One of the players that I b",captions/segments/SJdCkYn6Is0.json
SJdCkYn6Is0:002,SJdCkYn6Is0,Donghak Theory: How to Carry With no Help,2025-06-20,2,00:02:36,00:05:32,175.961,fight_execution_review,fight_execution_review,analytical_explanation,68,51,83,84,63,outplay;kill;you're;piece;part;pretty;lip;jump,"The next piece of outplay comes from Lip here. After outplaying the sleep and forcing a few brick packs, he's going to primal and go for lip. The only thing left to outplay here is the coach gun. A pretty simple piece of micro when you're trying to outplay a boop, either a Brigip",captions/segments/SJdCkYn6Is0.json
SJdCkYn6Is0:003,SJdCkYn6Is0,Donghak Theory: How to Carry With no Help,2025-06-20,3,00:05:39,00:10:04,264.72,macro_space_tempo,macro_space_tempo;fight_execution_review;composition_matchups,analytical_explanation,71,67,86,84,64,going;engage;hack;outplay;he's;boop;after;fight,"First, he's just being patient and he waits for Shu to come out and throw Nit. You don't have to do this, but Shu not having Nade here in the room is pretty important. Next, instead of walking into the room, he's going to outplay the Brig by jumping over behind. The Brig's not go",captions/segments/SJdCkYn6Is0.json
LpxT2dykNK0:001,LpxT2dykNK0,Lock Eyes and Fight,2025-06-12,1,00:00:01,00:03:40,219.119,macro_space_tempo,macro_space_tempo,analytical_explanation,72,69,89,83,71,space;fight;engage;comp;staging;tracer;overwatch;there's,"In an interview from a little over a year ago from the Korean Uncoachable podcast, Rush, the current coach of T1 and the former coach of the Dallas Fuel, said, ""The San Francisco Shock is not manly."" And when Crusty, the San Francisco Shock coach, asked him, ""What do you mean?"" R",captions/segments/LpxT2dykNK0.json
LpxT2dykNK0:002,LpxT2dykNK0,Lock Eyes and Fight,2025-06-12,2,00:03:39,00:07:11,212.279,macro_space_tempo,macro_space_tempo;fight_execution_review,analytical_explanation,67,62,88,83,69,fight;setup;space;engage;good;backline;team;back,but it probably wouldn't have worked. The backline is really far. They have lots of tools to live. And proper engage from here would have just been way worse than it was from the side. Falcon sees Ants baiting and backing up even further and correctly decide that we can get an ev,captions/segments/LpxT2dykNK0.json
LpxT2dykNK0:003,LpxT2dykNK0,Lock Eyes and Fight,2025-06-12,3,00:07:23,00:08:45,82.479,macro_space_tempo,macro_space_tempo;fight_execution_review,analytical_explanation,73,61,87,84,69,space;fight;set;back;start;moment;it's;watching,Can you pinpoint the moment that GK starts to reach for space and their setup starts to become good? This is the moment we need to start pushing with our CDs and probably use our old. Did you catch the moment that Liquid missed? It's right around here. You can see Kuff is startin,captions/segments/LpxT2dykNK0.json
GIY_4hD9_M8:001,GIY_4hD9_M8,How T1 Beat the Best Overwatch Team in the World,2025-06-04,1,00:00:00,00:03:04,184.0,composition_matchups,composition_matchups,analytical_explanation,68,58,84,82,67,comp;hack;tracer;dps;problem;bubble;you're;play,"But yeah, I held a little poll like I always do and I was like, ""Oh, which match do you want? Which upset? Whatever."" And then literally a day after the poll completed, Blizzard delete him by codes so we could randomly change the Genji left click projectile speed. There are two O",captions/segments/GIY_4hD9_M8.json
GIY_4hD9_M8:002,GIY_4hD9_M8,How T1 Beat the Best Overwatch Team in the World,2025-06-04,2,00:03:01,00:06:07,185.36,macro_space_tempo,macro_space_tempo;composition_matchups,mixed_discussion,63,46,84,83,70,neutral;i'm;need;it's;going;space;slow;never,"But it's like this front line window is so valuable and so important that messing it up like this in the neutral is just an instant neutral game over. Um, even though like this nade gets nated here. Okay, follow up, right? But it's like we just [ __ ] up our first Sombra neutral ",captions/segments/GIY_4hD9_M8.json
GIY_4hD9_M8:003,GIY_4hD9_M8,How T1 Beat the Best Overwatch Team in the World,2025-06-04,3,00:06:05,00:09:09,184.08,fight_execution_review,fight_execution_review;macro_space_tempo,analytical_explanation,66,52,83,83,68,fight;going;you're;tracer;kills;see;people;i'm,"then do it because it's better than losing the fight. So, I could tell from the defensive setup already that this is going to go to [ __ ] right? We've lost right side, right, to this Tracer. So, obviously, this is what the Tracer is going to do, right? He's going to go left or r",captions/segments/GIY_4hD9_M8.json
GIY_4hD9_M8:004,GIY_4hD9_M8,How T1 Beat the Best Overwatch Team in the World,2025-06-04,4,00:09:08,00:12:23,195.839,macro_space_tempo,macro_space_tempo;fight_execution_review;composition_matchups,analytical_explanation,70,67,88,84,66,tracer;don't;tank;play;monkey;going;blade;lucio,"swapping. Okay, we're on our Okay, so that makes sense. Don't ever play Hazard into a ground tank without two speeds. If you ever realize that you don't have two speeds on your team, especially if Lucio is banned because you banned Lucio, then don't play [ __ ] Hazard into a grou",captions/segments/GIY_4hD9_M8.json
GIY_4hD9_M8:005,GIY_4hD9_M8,How T1 Beat the Best Overwatch Team in the World,2025-06-04,5,00:12:21,00:14:36,135.12,composition_matchups,composition_matchups;macro_space_tempo,analytical_explanation,71,61,85,81,73,comp;backline;staging;need;going;work;neutral;hack,"so obviously Dong Hack is nowhere near like the problem with taking this type of neutral is that Dong Hack doesn't get to jump on back on right away, right? Like you need to take an extra staging step and that staging step hacking Lucio is kind of weird, right? Like you should lo",captions/segments/GIY_4hD9_M8.json
GIY_4hD9_M8:006,GIY_4hD9_M8,How T1 Beat the Best Overwatch Team in the World,2025-06-04,6,00:14:34,00:16:40,126.24,macro_space_tempo,macro_space_tempo,analytical_explanation,67,53,87,84,67,staging;good;space;backline;monkey;ball;back;use,"now I'm going to start playing in normal way and instead of dying every time."" Okay, so this defensive setup is good. I need to watch this again because this is really good staging from Donghon gets to the side lane all the way here with like basically full actually completely fu",captions/segments/GIY_4hD9_M8.json
GIY_4hD9_M8:007,GIY_4hD9_M8,How T1 Beat the Best Overwatch Team in the World,2025-06-04,7,00:16:38,00:18:52,133.2,composition_matchups,composition_matchups;macro_space_tempo;pro_team_analysis,analytical_explanation,72,60,84,80,67,going;monkey;tracer;staging;through;that's;freya;hard,"But that's how I want to see this match up play out. And avoiding that for Crazy Raccoons is really difficult, right? Because the counterplay happens in the staging phase. That's where 99% of of the skill expression in this comp is. Like when you're on them, you dive them. That's",captions/segments/GIY_4hD9_M8.json
GIY_4hD9_M8:008,GIY_4hD9_M8,How T1 Beat the Best Overwatch Team in the World,2025-06-04,8,00:18:50,00:21:48,177.96,composition_matchups,composition_matchups;macro_space_tempo;fight_execution_review,analytical_explanation,66,58,84,83,75,dive;corner;good;game;rush;set;problem;off,"so good here. Like this is game over to be honest cuz the problem is yes, they got the flip off which is really good. This flip is really good. The problem is that the ball tracer on Crazy Raccoon side just didn't find anything, right? Like what did Jumpin do? His his slam just g",captions/segments/GIY_4hD9_M8.json
GIY_4hD9_M8:009,GIY_4hD9_M8,How T1 Beat the Best Overwatch Team in the World,2025-06-04,9,00:21:46,00:24:24,158.319,fight_execution_review,fight_execution_review;macro_space_tempo,analytical_explanation,67,52,84,83,69,fight;setup;back;fights;dive;good;emp;they'll,next fight they come back and this is just unbelievably beautiful top tier fight like Junbin first of all everybody on CR locks in their everyone's hard baiting. Dongh can't do anything here right in the neutral. Nobody's divable. This is great. Junbin goes back to point in mines,captions/segments/GIY_4hD9_M8.json
GIY_4hD9_M8:010,GIY_4hD9_M8,How T1 Beat the Best Overwatch Team in the World,2025-06-04,10,00:24:23,00:28:23,239.521,fight_execution_review,fight_execution_review;composition_matchups,analytical_explanation,66,58,83,81,69,dive;fight;you're;freya;need;going;kill;own,"but I would assume the reason that Sombra is so strong is because obviously the only way to shot Freya down is to dive her, right? Like you can't really out poke her. You're not you're going to play your own Freya. Maybe you might already be playing your own Freya, right? Like th",captions/segments/GIY_4hD9_M8.json
GIY_4hD9_M8:011,GIY_4hD9_M8,How T1 Beat the Best Overwatch Team in the World,2025-06-04,11,00:28:21,00:31:32,190.959,macro_space_tempo,macro_space_tempo;pro_team_analysis;fight_execution_review,match_commentary,66,53,85,83,67,beat;better;first;going;they're;second;people;off,But so this is like this is one of the fights where what I was just talking about is going to come into play. Like this is just going to be setup vers setup outplay. Uh both teams have beat. There's not anything really that complicated this fight. T1 decides to beat first. Drawin,captions/segments/GIY_4hD9_M8.json
GIY_4hD9_M8:012,GIY_4hD9_M8,How T1 Beat the Best Overwatch Team in the World,2025-06-04,12,00:31:30,00:35:03,213.04,composition_matchups,composition_matchups;macro_space_tempo,analytical_explanation,64,50,83,83,65,door;tank;going;that's;through;should;i'm;he's,"But like the neutral setup is just so bad that he and Shu both die on this neutral, which is like, let me see this from Dongax POV. Yeah, he's saying is just here, bro. Like you're just going to die to the dive. This is horrible. He's saying and Shu are [ __ ] trolling mostly. He",captions/segments/GIY_4hD9_M8.json
GIY_4hD9_M8:013,GIY_4hD9_M8,How T1 Beat the Best Overwatch Team in the World,2025-06-04,13,00:35:01,00:38:06,184.641,macro_space_tempo,macro_space_tempo,analytical_explanation,71,60,86,83,74,going;through;tempo;let;it's;he's;clearing;map,"getting super poked out. But this gives T1 clearing tempo, right? The problem is, what's my time stamp? 3516. Let me write that down somewhere so I don't forget it because this is really important. We saw this happen earlier and this is a concept that is very underutilized which ",captions/segments/GIY_4hD9_M8.json
GIY_4hD9_M8:014,GIY_4hD9_M8,How T1 Beat the Best Overwatch Team in the World,2025-06-04,14,00:38:04,00:41:09,185.12,macro_space_tempo,macro_space_tempo;composition_matchups,analytical_explanation,68,58,85,83,75,jump;good;window;look;neutral;monkey;flex;comp,"quick. I get up so everyone can see my full Naruto outfit today. Okay, now let's see. Yeah, similar matchup except T1 is on double flex. Now, if you watch my stream, you know how I feel about double flex. There are only two teams that are allowed to play double flex. T1 is one of",captions/segments/GIY_4hD9_M8.json
GIY_4hD9_M8:015,GIY_4hD9_M8,How T1 Beat the Best Overwatch Team in the World,2025-06-04,15,00:41:07,00:44:29,201.76,fight_execution_review,fight_execution_review;macro_space_tempo,analytical_explanation,70,60,84,83,72,fight;bubble;primal;people;going;kill;we're;start,"finally, Crazy Raccoon. Again, this is Crazy Raccoon is the only team that does this where they'll play one fight so bad it pisses me off, then they'll piss themselves off and they'll play the next fight so well it drops my jaw. Like, how can you do this back to back? Come on, Ji",captions/segments/GIY_4hD9_M8.json
GIY_4hD9_M8:016,GIY_4hD9_M8,How T1 Beat the Best Overwatch Team in the World,2025-06-04,16,00:44:26,00:48:05,219.199,fight_execution_review,fight_execution_review;macro_space_tempo,analytical_explanation,70,64,85,82,69,fight;lucio;skewed;flip;beat;kill;staging;map,"So Jump in hard trolling. There's their kill, right? Oh, congratulations. We forced primal and then one of my teammates died cuz he primal. That's horrible from Jump in. I'm upset. Great fight from Proud. It's cute. Proud is getting a pocket. It's going to be uncomfortable to cle",captions/segments/GIY_4hD9_M8.json
GIY_4hD9_M8:017,GIY_4hD9_M8,How T1 Beat the Best Overwatch Team in the World,2025-06-04,17,00:48:03,00:51:07,184.0,fight_execution_review,fight_execution_review;macro_space_tempo,analytical_explanation,65,60,84,83,69,jump;window;look;lucio;kill;fight;team;turn,"So now we have our kill. Doesn't know how to wall ride, right? because he's a [ __ ] flexible player. He figures it out kind of. He doesn't know how to do the jumpy thing because he forgot to turn off the setting that all the Lucio players turn off with the space bar jump. Now he",captions/segments/GIY_4hD9_M8.json
GIY_4hD9_M8:018,GIY_4hD9_M8,How T1 Beat the Best Overwatch Team in the World,2025-06-04,18,00:51:05,00:53:39,153.52,pro_team_analysis,pro_team_analysis;macro_space_tempo;fight_execution_review,match_commentary,58,45,72,83,54,window;monkey;tracer;they're;proud;getting;use;that's,playing like Orisa or monkey like the window is just you're spinning your gold that's like 4 seconds if you're monkey it's even slower the window is like your monkey jump which is like that's two seconds maybe right so whether your Freya can use that wind like can time and use th,captions/segments/GIY_4hD9_M8.json
n-t2m7R_Gho:001,n-t2m7R_Gho,The Gang Watches Geekay vs Liquid (NA OWCS),2025-06-02,1,00:00:04,00:03:05,181.439,pro_team_analysis,pro_team_analysis;macro_space_tempo;fight_execution_review,match_commentary,61,49,73,84,53,engage;mean;turn;liquid;fight;dies;that's;it's,"You need to get some mods to start the predictions, bro. Dude, my mods are lazy pieces of [ __ ] It's actually that. What mods? You don't have any. I have like two, but it's Don't say Chopper. It's like Chopper, bro. I think you're one shotga. How did tree get prefighted? Dude, t",captions/segments/n-t2m7R_Gho.json
n-t2m7R_Gho:002,n-t2m7R_Gho,The Gang Watches Geekay vs Liquid (NA OWCS),2025-06-02,2,00:03:04,00:06:07,183.361,fight_execution_review,fight_execution_review;pro_team_analysis;macro_space_tempo,match_commentary,65,56,84,79,61,fight;wait;kuffa;god;map;kill;it's;don't,"so predictable that you can punish it. That's the That's when the Liquid play style shot. I can already hear lethal. I'm acting Lucio. I'm dead. I'm [ __ ] Lucio. Prohibited words. Actually, if you type bit rate in chat, you get banned instantly. Magic, I need you to start enforc",captions/segments/n-t2m7R_Gho.json
n-t2m7R_Gho:003,n-t2m7R_Gho,The Gang Watches Geekay vs Liquid (NA OWCS),2025-06-02,3,00:06:05,00:09:37,212.52,macro_space_tempo,macro_space_tempo;fight_execution_review;pro_team_analysis,match_commentary,62,54,86,82,59,map;god;overwatch;going;kill;infected;let;it's,deserve to lose that map. I'm actually going to hate watch this map later because that is You cannot play like that. You should be playing the back of the map. We have an ult. They swing the corner to stage and then we just don't and we just let them stage. Set up the blade and l,captions/segments/n-t2m7R_Gho.json
n-t2m7R_Gho:004,n-t2m7R_Gho,The Gang Watches Geekay vs Liquid (NA OWCS),2025-06-02,4,00:09:41,00:12:58,197.279,macro_space_tempo,macro_space_tempo;pro_team_analysis,match_commentary,60,51,85,82,59,god;stage;liquid;second;bro;need;jump;doesn't,"Your head shot. Actually, he actually just crossed between the legs. No. Look. Eat it in your face. Comes out. They got tree. Overclock comes out. Guys, we need to z Oh my god. Oh my god. We slide on point to die. Why didn't we force monkey CD before we ulted? I'm not sure. It do",captions/segments/n-t2m7R_Gho.json
n-t2m7R_Gho:005,n-t2m7R_Gho,The Gang Watches Geekay vs Liquid (NA OWCS),2025-06-02,5,00:12:57,00:15:15,138.321,macro_space_tempo,macro_space_tempo;pro_team_analysis;fight_execution_review,match_commentary,64,58,87,83,64,map;god;tree;side;vod;staging;setup;watch,"to another part of the map and do something. You could actually see Tree starting to flink right and then someone on the team, whoever's making them play this dog [ __ ] play style, said, ""Tree, don't do anything. We don't have to do anything. They're not on us yet."" Map five, kn",captions/segments/n-t2m7R_Gho.json
n-t2m7R_Gho:006,n-t2m7R_Gho,The Gang Watches Geekay vs Liquid (NA OWCS),2025-06-02,6,00:15:12,00:17:51,159.4,macro_space_tempo,macro_space_tempo;pro_team_analysis;fight_execution_review,match_commentary,63,48,86,82,56,map;dies;mines;emp;off;we're;lethal;going,"so one. Cup goes to stall the overclock. Oh, May one dies in the back. Lethal dies. Okay. Where's my rose toy? How did Liquid clean up that fight? TK does end up getting a flip off that though. Now they swap to Sombra Tracer into the ball. Infected's forced out. This is difficult",captions/segments/n-t2m7R_Gho.json
n-t2m7R_Gho:007,n-t2m7R_Gho,The Gang Watches Geekay vs Liquid (NA OWCS),2025-06-02,7,00:17:48,00:21:29,221.2,pro_team_analysis,pro_team_analysis;composition_matchups,match_commentary,62,48,71,82,55,point;all;over;it's;rush;down;liquid;we're,"second beat. And Zer helps down. Oh, this is it. Lethal with the EMP. Two man EMP catches both and tree. It's over. How many people did? This is This is coming down to the wire. No, this is good. This is good spell. 80%. We do have and rush on point. Give them Yeah. Actually, mos",captions/segments/n-t2m7R_Gho.json
MYW1ztAeDQc:001,MYW1ztAeDQc,Why do Dives Always Kill You,2025-04-30,1,00:00:01,00:03:21,200.12,composition_matchups,composition_matchups;fight_execution_review,analytical_explanation,75,75,87,83,71,dive;winston;tracer;supposed;good;kill;fight;backline,"Imagine a scenario with me really quickly. You're playing a dive mirror. Winston, Tracer, Sojourn, or Cassidy on a break. Both teams. Your Winston and your Tracer dive the enemy on a brrig and their Winston and their Tracer dive your onrig. Who is supposed to win this interaction",captions/segments/MYW1ztAeDQc.json
MYW1ztAeDQc:002,MYW1ztAeDQc,Why do Dives Always Kill You,2025-04-30,2,00:03:18,00:07:23,244.44,composition_matchups,composition_matchups,analytical_explanation,72,67,85,83,71,dive;good;live;tracer;need;first;dives;better,"first part of the dive, the jump. Um, we bashed out. We used our nade to keep ourselves alive. But the problem is what's about to happen, right? First of all, there's a problem of Lip getting pulsed, right? But maybe you could say Lip should have slid out. Maybe we should have ma",captions/segments/MYW1ztAeDQc.json
MYW1ztAeDQc:003,MYW1ztAeDQc,Why do Dives Always Kill You,2025-04-30,3,00:07:27,00:09:35,128.36,composition_matchups,composition_matchups;macro_space_tempo;fight_execution_review,analytical_explanation,65,50,85,83,68,dive;good;comp;setup;map;live;fight;falcons,"They ring up. Rush comes out. Horvolt comes out on mid bombs to live. They use noon and they use rally and we still die. So four ults come out. Our comp is incredibly good at living dives and it's still not enough to live a good dive. So, if something if this fight does not prove",captions/segments/MYW1ztAeDQc.json
MYW1ztAeDQc:004,MYW1ztAeDQc,Why do Dives Always Kill You,2025-04-30,4,00:09:39,00:12:43,184.0,composition_matchups,composition_matchups;macro_space_tempo,analytical_explanation,71,64,86,82,75,dive;we're;going;good;map;fight;setup;make,"The problem is right around here, you realize how powerful what Falcons is doing really is. Guo has to at this moment decide, do I dive here? This was probably our plan, right? was to to farm B and do a B dive or maybe overclock or something. But if I dive here, it's very very fa",captions/segments/MYW1ztAeDQc.json
MYW1ztAeDQc:005,MYW1ztAeDQc,Why do Dives Always Kill You,2025-04-30,5,00:12:41,00:15:29,167.721,macro_space_tempo,macro_space_tempo;composition_matchups,analytical_explanation,65,55,87,83,70,setup;good;dive;need;ults;comps;start;about,"style to stop good dives from happening and to live dives. Right? So, what's the moment the dive starts to become good? This is what we pinpoint. And there's two things I'm looking for. One, I'm looking for DPS to start splitting and getting good angles, right? If anyone gets top",captions/segments/MYW1ztAeDQc.json
vNp9kRvOjKA:001,vNp9kRvOjKA,You're Not Trying That Hard,2025-04-23,1,00:00:02,00:03:11,189.121,career_community_personal,career_community_personal,personal_editorial,63,43,29,81,18,people;trying;reach;make;life;i'm;think;misconception,"you are not really trying. I want to make a different kind of video today. I don't have any script. I'm going to do all one take. I'm not going to do any editing. Um, this is kind of loosely inspired by the the types of videos that Spilo would do where he would rant about one top",captions/segments/vNp9kRvOjKA.json
vNp9kRvOjKA:002,vNp9kRvOjKA,You're Not Trying That Hard,2025-04-23,2,00:03:07,00:06:38,211.081,coaching_learning,coaching_learning,mixed_discussion,70,47,73,84,56,people;that's;you're;know;hard;want;level;about,"next level, you need to do what they do to get there. Not only because everybody at your level is doing what people at your level do. And if you do that, you will improve at the rate of your peers, right? You can't all move up. That's not how it works. And even if you could, ther",captions/segments/vNp9kRvOjKA.json
vNp9kRvOjKA:003,vNp9kRvOjKA,You're Not Trying That Hard,2025-04-23,3,00:06:36,00:10:57,261.16,coaching_learning,coaching_learning;career_community_personal;player_decisions_mechanics,analytical_explanation,68,54,74,84,63,i'm;you're;people;it's;overwatch;video;much;going,"to be honest with how much you're wasting. And this is specifically for people that have ambitions, right? If you don't have ambitions, if your goal is to have fun, there's nothing wrong with that. That's totally fine. and this isn't for you. I'm only harsh towards people that cl",captions/segments/vNp9kRvOjKA.json
cXnFhS2l47g:001,cXnFhS2l47g,How the Best NA OWCS Team Got Their Revenge,2025-03-28,1,00:00:02,00:03:22,199.519,macro_space_tempo,macro_space_tempo;fight_execution_review,analytical_explanation,72,69,88,83,76,fight;engage;setup;hazard;genji;rad;all;space,nightmare are the odcs na stage one Champions throughout the season they lost only three games one to rad one to Team Liquid and one to space station gaming nightmare later got chances to rematch all three of these teams and have a Flawless three record in all of the rematches en,captions/segments/cXnFhS2l47g.json
cXnFhS2l47g:002,cXnFhS2l47g,How the Best NA OWCS Team Got Their Revenge,2025-03-28,2,00:03:20,00:05:57,156.359,macro_space_tempo,macro_space_tempo;composition_matchups,mixed_discussion,63,49,86,83,66,engage;know;going;pull;poke;comp;we're;through,watched we're going to walk up as far as we can and poke spawn right and this does two things one we have a chance to get a pick between these people uh and the better pick potential your comp has uh the higher this chance is right that's not really what anyone is playing for tha,captions/segments/cXnFhS2l47g.json
cXnFhS2l47g:003,cXnFhS2l47g,How the Best NA OWCS Team Got Their Revenge,2025-03-28,3,00:05:55,00:08:17,141.479,macro_space_tempo,macro_space_tempo,analytical_explanation,67,54,87,83,71,hazard;engage;going;setup;stop;ram;see;we're,so adaptation number one you can see on the screen is pretty obvious um we're going to swap our hazard to a ram we're going to swap our Ki to a Juno and this does one thing really obviously right uh RAM is better at living and peeling and gauges than a hazard is um and so you can,captions/segments/cXnFhS2l47g.json
cXnFhS2l47g:004,cXnFhS2l47g,How the Best NA OWCS Team Got Their Revenge,2025-03-28,4,00:08:15,00:10:44,148.561,macro_space_tempo,macro_space_tempo,analytical_explanation,69,58,87,82,74,engage;hazard;set;genji;comp;angle;match;make,first we make sure the hazard can't set up then we make sure the angle is forced out now our so can easily swing everybody can easily walk up and we can just do a nice little our Ram punches everybody and kills everybody game plan right and so this really really shows a good unde,captions/segments/cXnFhS2l47g.json
cXnFhS2l47g:005,cXnFhS2l47g,How the Best NA OWCS Team Got Their Revenge,2025-03-28,5,00:10:39,00:13:35,176.08,macro_space_tempo,macro_space_tempo;fight_execution_review,analytical_explanation,71,62,88,83,71,hazard;fight;engage;going;we're;all;space;liquid,so nightmare versus liquid um this was actually this is not regular season sorry this is playoffs um they played in the very first match of playoffs in round one um and liquid comes into this with the game plan of uh not mirroring the hazard comp that everybody knew nare wanted t,captions/segments/cXnFhS2l47g.json
cXnFhS2l47g:006,cXnFhS2l47g,How the Best NA OWCS Team Got Their Revenge,2025-03-28,6,00:13:35,00:17:21,225.641,macro_space_tempo,macro_space_tempo,analytical_explanation,73,68,87,82,71,hazard;space;map;fight;swing;plan;game;liquid,so so in the rematch and this is actually the match to qualify for the the first L right so this is a very high stakes match um it's a very very similar matchup uh the only difference is Lucio is banned on this map so both players Vegas off BR on deiri Admirals off Lucio oniri ri,captions/segments/cXnFhS2l47g.json
cXnFhS2l47g:007,cXnFhS2l47g,How the Best NA OWCS Team Got Their Revenge,2025-03-28,7,00:17:19,00:20:25,186.279,fight_execution_review,fight_execution_review;macro_space_tempo,analytical_explanation,67,58,86,82,71,lucio;fight;genji;going;we're;engage;want;they're,so this is also a high stakes match uh and you're going to see this is Hazard Mir right in playoffs a lot of teams are playing this and so here you're going to see both teams have a pretty similar game plan right which is both teams are are setting up as best as they can and look,captions/segments/cXnFhS2l47g.json
cXnFhS2l47g:008,cXnFhS2l47g,How the Best NA OWCS Team Got Their Revenge,2025-03-28,8,00:20:23,00:22:41,138.12,macro_space_tempo,macro_space_tempo;composition_matchups,analytical_explanation,68,59,87,82,70,we're;genji;going;choke;side;all;they're;lucio,I play first of all as you two need to evaluate it but also the the team in general right how do we play in a way that lets us execute our game plan right uh and let's look at the rematch for the example now the rematch to be completely honest a lot of this came down to ban strat,captions/segments/cXnFhS2l47g.json
cXnFhS2l47g:009,cXnFhS2l47g,How the Best NA OWCS Team Got Their Revenge,2025-03-28,9,00:22:39,00:25:58,199.0,macro_space_tempo,macro_space_tempo;fight_execution_review,analytical_explanation,67,55,85,83,62,it's;hazard;fight;engage;stop;need;team;step,okay we're going to go now go right boom amp blade we're going to beat in as well kill CJ kill seeker and this is a fight also I didn't cover it before but this is an incredibly difficult fight to win going in SSG has Nano SSG has blade SSG has overclock right this is not easy ri,captions/segments/cXnFhS2l47g.json
GYBpp0KM5-Q:001,GYBpp0KM5-Q,Why Hero Bans Don't Work Against Crazy Raccoon (Overwatch SOOP Cup),2025-01-06,1,00:00:03,00:02:53,170.32,game_design_meta,game_design_meta;composition_matchups,analytical_explanation,71,67,60,82,55,ban;going;team;meta;specific;lucio;heroes;hero,before we start I am sick uh so I apologize if my voice sounds weird or different or I'm quiet in general um I want to do a quick disclaimer before I even start this video that um with odcs starting back up a lot of my previous content was done during the breaks where there was n,captions/segments/GYBpp0KM5-Q.json
GYBpp0KM5-Q:002,GYBpp0KM5-Q,Why Hero Bans Don't Work Against Crazy Raccoon (Overwatch SOOP Cup),2025-01-06,2,00:02:51,00:06:11,200.201,composition_matchups,composition_matchups;game_design_meta,analytical_explanation,67,61,86,81,66,going;support;play;comp;brig;you're;see;want,first thing I want to talk about with bans I already talked about Target Banning people onto office specific Heroes but the biggest thing you're going to see them used for for is um support lines in general um and the reason for this is support lines kind of are the backbone of e,captions/segments/GYBpp0KM5-Q.json
GYBpp0KM5-Q:003,GYBpp0KM5-Q,Why Hero Bans Don't Work Against Crazy Raccoon (Overwatch SOOP Cup),2025-01-06,3,00:06:09,00:09:31,202.92,player_decisions_mechanics,player_decisions_mechanics;macro_space_tempo;fight_execution_review,mixed_discussion,61,46,80,83,70,fight;team;going;mistake;position;see;that's;bash,so with all that said um I want to get into a little bit of a review uh of this match I want to talk about how CR just kind of came back and effortlessly fored uh when they wanted to um what kind of things are going to set a team like CR apart what is carrying them across every c,captions/segments/GYBpp0KM5-Q.json
GYBpp0KM5-Q:004,GYBpp0KM5-Q,Why Hero Bans Don't Work Against Crazy Raccoon (Overwatch SOOP Cup),2025-01-06,4,00:09:30,00:11:57,147.2,macro_space_tempo,macro_space_tempo;player_decisions_mechanics;fight_execution_review,mixed_discussion,63,44,85,81,64,mistake;lip;let's;it's;position;fight;that's;small,so they're retaking Alfie is looking for scouting he blinks across here he double blinks in finds lip trong marks him and Alfia gets his recall forced in the early fight and now again this is an incredibly incredibly small mistake right everybody's still in good positions you kno,captions/segments/GYBpp0KM5-Q.json
GYBpp0KM5-Q:005,GYBpp0KM5-Q,Why Hero Bans Don't Work Against Crazy Raccoon (Overwatch SOOP Cup),2025-01-06,5,00:11:54,00:14:58,183.481,fight_execution_review,fight_execution_review;composition_matchups,analytical_explanation,63,52,84,82,69,fight;going;need;lucio;genji;comp;diver;want,second 1 second of delay in your reaction to this type of mistake is is going to make this play not work for you and it's why it works for them and no other team in the world now to avoid this video being too short since I only really talked about bands and showed three examples ,captions/segments/GYBpp0KM5-Q.json
GYBpp0KM5-Q:006,GYBpp0KM5-Q,Why Hero Bans Don't Work Against Crazy Raccoon (Overwatch SOOP Cup),2025-01-06,6,00:14:56,00:16:54,118.199,fight_execution_review,fight_execution_review;pro_team_analysis,analytical_explanation,70,53,83,81,71,going;lucio;fight;it's;able;set;he's;you're,but this is going to determine whether you're good or bad at this combo now one example of this being done pretty well is from the hon versus Falcons match that happened right before this or maybe two matches before this um here you're going to see misin um is baiting here and so,captions/segments/GYBpp0KM5-Q.json
p609brPyPzg:001,p609brPyPzg,How to Play Overwatch's Wolverine Copy (Hazard),2024-12-16,1,00:00:01,00:02:21,139.559,macro_space_tempo,macro_space_tempo;career_community_personal,mixed_discussion,63,48,84,81,68,hazard;video;wall;angle;part;first;character;about,so with overwatch's new character Hazard being legal for the first tournament so far I wanted to make a video covering uh some of what the pros have discovered about the character uh in the comp uh there will be three parts to this video I'll try to get through everything as fast,captions/segments/p609brPyPzg.json
p609brPyPzg:002,p609brPyPzg,How to Play Overwatch's Wolverine Copy (Hazard),2024-12-16,2,00:02:19,00:05:05,166.12,macro_space_tempo,macro_space_tempo;fight_execution_review;composition_matchups,mixed_discussion,60,45,84,80,67,wall;use;engage;think;part;going;two;over,so this engage is really successful and working those wall climbs in um is going to be very strong now with the wall climb there is actually a tech uh that I saw from bos here where you can kind of extend the ledge grabbing portion of the wall climb if you find some surface that ,captions/segments/p609brPyPzg.json
p609brPyPzg:003,p609brPyPzg,How to Play Overwatch's Wolverine Copy (Hazard),2024-12-16,3,00:05:03,00:07:37,154.08,macro_space_tempo,macro_space_tempo;fight_execution_review;player_decisions_mechanics,mixed_discussion,63,43,84,79,70,use;shift;i'm;going;want;hazard;genji;slash,if I see the hazard slash into my team if I see the Genji Dash in whatever then I can use it kind of like that where obviously I want to try and hit them too if I can and punish these people and like force the CDs out of these people and then I can hopefully play a second part of,captions/segments/p609brPyPzg.json
p609brPyPzg:004,p609brPyPzg,How to Play Overwatch's Wolverine Copy (Hazard),2024-12-16,4,00:07:35,00:10:47,192.0,macro_space_tempo,macro_space_tempo,analytical_explanation,65,54,85,79,71,rotate;hard;spot;clear;going;want;good;it's,first is that your ability to punish back lines that rotate past you is incredibly incredibly strong between using your wall to mess up the rotation and also just the killing power that you have with Slash right so you need to think about where backliners are going to rotate thro,captions/segments/p609brPyPzg.json
p609brPyPzg:005,p609brPyPzg,How to Play Overwatch's Wolverine Copy (Hazard),2024-12-16,5,00:10:45,00:13:42,176.481,macro_space_tempo,macro_space_tempo,analytical_explanation,68,58,86,78,70,hazard;going;engage;stall;team;play;live;think,now the last part of the play style is understanding that since these backline kind of dive is backline trades are going to happen a lot where my hazard is in and their Hazard is in um and it's kind of Hazard on backline versus Hazard on backline there's two ways that you can pla,captions/segments/p609brPyPzg.json
p609brPyPzg:006,p609brPyPzg,How to Play Overwatch's Wolverine Copy (Hazard),2024-12-16,6,00:13:41,00:17:21,220.601,macro_space_tempo,macro_space_tempo;fight_execution_review,analytical_explanation,70,66,86,79,71,hazard;going;fight;we're;past;it's;people;engage,first fight is going to be the same fight we just looked at for the hazard play style and we're just to think about it from the other people's POV right so if I'm this team um say I'm the the red team here and I know that it's really hard for us to go first just because one we're,captions/segments/p609brPyPzg.json
QvMsOy1wFr4:001,QvMsOy1wFr4,How NRG Won (And Lost) Overwatch Rock Paper Scissors,2024-12-08,1,00:00:01,00:03:34,212.32,composition_matchups,composition_matchups;fight_execution_review;pro_team_analysis,match_commentary,66,54,84,83,64,comp;ults;fight;off;queen;neutral;nrg;meta,all right so the NRG shock the team that got fifth six in the region and then fourth in the global tournament um why did their comp work until it didn't um and you know I'm going to watch the energy versus an and then we're going to watch energy versus Toronto I'm really not inte,captions/segments/QvMsOy1wFr4.json
QvMsOy1wFr4:002,QvMsOy1wFr4,How NRG Won (And Lost) Overwatch Rock Paper Scissors,2024-12-08,2,00:03:32,00:06:31,178.68,macro_space_tempo,macro_space_tempo;fight_execution_review,analytical_explanation,67,59,87,81,64,turn;first;engage;we're;going;fight;bait;ults,first fight we're going to look at um S is his built copy the support alss are pretty similar uh sky is a little bit of an edge here but the DPS SS are really where the difference is starting to come in like uh copy for half on both EMP is going to come up before both of these li,captions/segments/QvMsOy1wFr4.json
QvMsOy1wFr4:003,QvMsOy1wFr4,How NRG Won (And Lost) Overwatch Rock Paper Scissors,2024-12-08,3,00:06:29,00:09:48,199.2,macro_space_tempo,macro_space_tempo;fight_execution_review;pro_team_analysis,analytical_explanation,68,56,85,83,69,fight;queen;need;video;turn;nrg;engage;backline,so if you look at this turn here Sky builds J first um when they instantly use J but it's really obvious that energy was playing to Bay right like any team would in the scenario and if you look at this setup The Echoes here the queen is touching Point alone but you can kind of se,captions/segments/QvMsOy1wFr4.json
QvMsOy1wFr4:004,QvMsOy1wFr4,How NRG Won (And Lost) Overwatch Rock Paper Scissors,2024-12-08,4,00:09:46,00:13:25,219.12,macro_space_tempo,macro_space_tempo;fight_execution_review;composition_matchups,analytical_explanation,69,63,86,82,72,backline;fight;turn;people;first;you're;want;nrg,now you need to double your old you need to just pop them be willing to combo be willing to go two for one it's totally fine to go two for one or even three for one in this situation um because you really need this win this is a devastating loss for you if you're NRG retaking bec,captions/segments/QvMsOy1wFr4.json
QvMsOy1wFr4:005,QvMsOy1wFr4,How NRG Won (And Lost) Overwatch Rock Paper Scissors,2024-12-08,5,00:13:22,00:16:45,202.2,macro_space_tempo,macro_space_tempo;composition_matchups,analytical_explanation,66,56,86,81,68,comp;map;fight;want;clear;engage;going;toronto,first right he's in everybody's faces I'm sure Kell is walking up right now trie is probably showing too right and and feels like they have to go right now or they'll lose the eeko is going to get something the Queen's going to get something right um so this fight um was a really,captions/segments/QvMsOy1wFr4.json
QvMsOy1wFr4:006,QvMsOy1wFr4,How NRG Won (And Lost) Overwatch Rock Paper Scissors,2024-12-08,6,00:16:43,00:19:56,193.0,composition_matchups,composition_matchups;macro_space_tempo;fight_execution_review,analytical_explanation,67,60,85,81,67,comp;genji;fight;engage;queen;neutral;ults;backline,but the important thing here is that this is a hard counter comp to the zor comp um and if you think about it in the terms like earlier where we're thinking about a neutral and then we're thinking about a n fight um this comp's neutral can play really slow and also can play reall,captions/segments/QvMsOy1wFr4.json
QvMsOy1wFr4:007,QvMsOy1wFr4,How NRG Won (And Lost) Overwatch Rock Paper Scissors,2024-12-08,7,00:19:54,00:23:17,202.921,macro_space_tempo,macro_space_tempo;fight_execution_review;composition_matchups,analytical_explanation,68,61,87,82,73,fight;backline;front;time;they're;someone;going;nrg,third scenario would be the front line stays up as the back onine baits and then we just kill front liners right you need to always be ready to do that that is a mistake um we will see someone do it one time so don't play too theoretically like oh we need to do this cuz cap said ,captions/segments/QvMsOy1wFr4.json
QvMsOy1wFr4:008,QvMsOy1wFr4,How NRG Won (And Lost) Overwatch Rock Paper Scissors,2024-12-08,8,00:23:15,00:25:22,127.52,fight_execution_review,fight_execution_review,analytical_explanation,65,51,83,83,73,corner;you're;fight;they're;off;going;counterplay;kill,anyways so now we have two wions we could just kill someone if we wanted right or I can reach for the backliners here he chooses to reach for backliners because they're really reachable and he kills rall right so everything about this fight start to finish is just as clean as the,captions/segments/QvMsOy1wFr4.json
QvMsOy1wFr4:009,QvMsOy1wFr4,How NRG Won (And Lost) Overwatch Rock Paper Scissors,2024-12-08,9,00:25:21,00:28:24,182.56,fight_execution_review,fight_execution_review,analytical_explanation,65,53,84,82,77,fight;need;toronto;kill;backline;team;queen;it's,first part of the neutral to force those Frontline CDs so that we can reach the backline or we can make the backline Zone themselves out of the fight and then that we can punish the frine afterwards the problem is they force this bubble and then Kellen just Queen alss the solo bu,captions/segments/QvMsOy1wFr4.json
QvMsOy1wFr4:010,QvMsOy1wFr4,How NRG Won (And Lost) Overwatch Rock Paper Scissors,2024-12-08,10,00:28:22,00:32:16,233.441,fight_execution_review,fight_execution_review;pro_team_analysis,match_commentary,62,48,82,83,61,fight;going;toronto;point;queen;play;bubble;kill,and that's like our main value there's two ways to play it either we start with our blade early we make them grab the blade uh he lives or he doesn't I don't even care right um I will queeno after that and I will kill everybody and that's fine we can trade scissors blade and even,captions/segments/QvMsOy1wFr4.json
STbH6hH8emk:001,STbH6hH8emk,Are you Smart Enough to Play Echo?,2024-12-04,1,00:00:01,00:02:31,149.759,fight_execution_review,fight_execution_review;composition_matchups;player_decisions_mechanics,mixed_discussion,61,47,83,81,61,echo;trying;look;comps;comp;there's;other;front,okay so I finally get to make a video about a real character today I'll be looking at Ekko most of these povs are stalker from the Stockholm Grand finals that just happened um and I want to talk about how to play Ekko now Ekko is a character um usually when she's meta there's an ,captions/segments/STbH6hH8emk.json
STbH6hH8emk:002,STbH6hH8emk,Are you Smart Enough to Play Echo?,2024-12-04,2,00:02:28,00:05:32,183.96,fight_execution_review,fight_execution_review,analytical_explanation,68,53,83,79,66,kill;fight;i'm;fly;people;front;force;back,second option is I can look to find this Eko I can look to find this Juno and I can either look to reach them and kill them if it's it's you know really easy and that's kind of more up to them playing badly than it is on you playing good or if I'm doing it and they're playing wel,captions/segments/STbH6hH8emk.json
STbH6hH8emk:003,STbH6hH8emk,Are you Smart Enough to Play Echo?,2024-12-04,3,00:05:30,00:08:35,185.039,fight_execution_review,fight_execution_review;composition_matchups;macro_space_tempo,mixed_discussion,63,46,82,80,64,going;juno;fight;reaper;backline;need;reach;they're,people or maybe the brg because they have reap roll and they have cage so if we play front to back we can stack maybe we can force this fade or maybe we can force the e but even if we do it properly they're just going to pop a cage they're going to reap roll inside of it and we'r,captions/segments/STbH6hH8emk.json
STbH6hH8emk:004,STbH6hH8emk,Are you Smart Enough to Play Echo?,2024-12-04,4,00:08:32,00:11:27,174.32,fight_execution_review,fight_execution_review,analytical_explanation,68,55,83,80,69,going;fight;i'm;front;fly;echo;line;win,still like I'm waiting for my team to Ping that he's out of line because one if I'm getting that scouting information it's probably because I flew and now I don't have fly right so he's not wasting his fly on stupid idiot straight up in the air flies to get extra poke damage I se,captions/segments/STbH6hH8emk.json
STbH6hH8emk:005,STbH6hH8emk,Are you Smart Enough to Play Echo?,2024-12-04,5,00:11:23,00:14:49,206.0,fight_execution_review,fight_execution_review,analytical_explanation,71,54,82,81,66,going;copy;i'm;reaper;fight;kill;know;you're,now on so how do I use copy um it's a little bit different from other SS because there's a lot of way to use it right so there's faster copies and there's slower copies most of them are going to be Reaper copies no matter how you're doing it sometimes a slow copy can be like a Ma,captions/segments/STbH6hH8emk.json
STbH6hH8emk:006,STbH6hH8emk,Are you Smart Enough to Play Echo?,2024-12-04,6,00:14:47,00:17:45,178.4,fight_execution_review,fight_execution_review;macro_space_tempo;career_community_personal,mixed_discussion,63,44,81,81,63,i'm;going;copy;fight;want;slow;reaper;playing,but now one more slow copy they're playing the bait the another the enemy has cage all they have is copy but I know if I play Slow I'll build this rally and I'll build this cage in this midf fight right so I'm just trying to extend this long enough to build those alss so we bait ,captions/segments/STbH6hH8emk.json
XhcF5IzJDq4:001,XhcF5IzJDq4,Why are you Such an Unlucky Brig Player?,2024-12-02,1,00:00:02,00:03:31,209.6,player_decisions_mechanics,player_decisions_mechanics;composition_matchups;coaching_learning,mixed_discussion,61,45,78,81,57,going;i'm;you're;walk;think;know;video;brig,cap former head coach of tsm's OverWatch 2 Team um I was really debating whether I wanted to wait for the Stockholm povs to be out um but I really can't wait anymore it's been like eight days since my last video so I'm going to be doing brick guide today um with just some povs fr,captions/segments/XhcF5IzJDq4.json
XhcF5IzJDq4:002,XhcF5IzJDq4,Why are you Such an Unlucky Brig Player?,2024-12-02,2,00:03:30,00:06:14,164.16,player_decisions_mechanics,player_decisions_mechanics;fight_execution_review,analytical_explanation,71,55,78,82,66,walk;fight;triggers;it's;important;going;that's;know,but playing brri is not about predicting the threats and avoiding them it's about dropping your unluckiness is in a general sense right because there's just too much for you to to be aware of constantly right um but I've talked kind of generally long enough I want to show some ex,captions/segments/XhcF5IzJDq4.json
XhcF5IzJDq4:003,XhcF5IzJDq4,Why are you Such an Unlucky Brig Player?,2024-12-02,3,00:06:12,00:08:56,164.12,fight_execution_review,fight_execution_review;player_decisions_mechanics;composition_matchups,analytical_explanation,71,58,84,83,70,brig;fight;poke;know;it's;we're;reaper;he's,so far he's able to just get a really easy midf fight rally STS this copy reap roll you know it's super easy to carry this midf fight for him so this is example number one um really high level brri play from Admiral here but if you had just watched this it really doesn't look tha,captions/segments/XhcF5IzJDq4.json
XhcF5IzJDq4:004,XhcF5IzJDq4,Why are you Such an Unlucky Brig Player?,2024-12-02,4,00:08:54,00:12:21,207.68,fight_execution_review,fight_execution_review;macro_space_tempo,mixed_discussion,66,48,82,83,68,it's;unlucky;fight;increasing;engage;time;team;pin,but he feels it increasing and he's going to start to leave so he backs up slightly he bashes back and look at what he avoids this fight right he avoids a copy of rally bash and a Maga pin that was aimed at this spot this was literally an unlucky spot at about like you know 50 60,captions/segments/XhcF5IzJDq4.json
XhcF5IzJDq4:005,XhcF5IzJDq4,Why are you Such an Unlucky Brig Player?,2024-12-02,5,00:12:20,00:15:16,175.88,player_decisions_mechanics,player_decisions_mechanics;fight_execution_review;coaching_learning,mixed_discussion,62,37,77,82,67,front;stacked;own;line;about;whip;unlucky;time,so what ends up happening this meter has been increasing this whole time he feels like he has to get something right cuz they didn't get out of the Jun wall but what ends up happening is he's stacked on his own front line he takes that pin and he dies right um because if we think,captions/segments/XhcF5IzJDq4.json
XhcF5IzJDq4:006,XhcF5IzJDq4,Why are you Such an Unlucky Brig Player?,2024-12-02,6,00:15:14,00:17:45,151.4,fight_execution_review,fight_execution_review,mixed_discussion,63,49,84,83,69,fight;i'm;walking;meta;brig;all;want;that's,but one more thing I want to talk about specifically is trade scenarios U now being up one in these fights this is the easiest place to mess it up for Brig players uh in the spot where discipline will do the most for you so if you watch this fight they're rotating in leave looks ,captions/segments/XhcF5IzJDq4.json
XhcF5IzJDq4:007,XhcF5IzJDq4,Why are you Such an Unlucky Brig Player?,2024-12-02,7,00:17:42,00:19:44,122.081,fight_execution_review,fight_execution_review,mixed_discussion,63,43,83,84,60,fight;sure;make;cage;trade;that's;bash;against,so to clean this up um I want to do a little bit of micro things that are also important for this meta um and then I'll be done so rally is really good um early fight all um to make sure that you don't get fights turned on You by specific enemy Els right so if we're going into a ,captions/segments/XhcF5IzJDq4.json
K6Ayz-NHVe4:001,K6Ayz-NHVe4,How Korea Solved Overwatch,2024-11-23,1,00:00:01,00:03:47,226.08,pro_team_analysis,pro_team_analysis;composition_matchups;macro_space_tempo,match_commentary,62,52,72,82,58,first;going;know;engage;team;we're;want;good,hey guys it's me cap the former head coach of tsm's OverWatch 2 Team uh recently the Stockholm odcs Grand finals has been happening um the global finals between the North American European and Korean or I mean you could say APAC but really it's Korean regions um there's been a lo,captions/segments/K6Ayz-NHVe4.json
K6Ayz-NHVe4:002,K6Ayz-NHVe4,How Korea Solved Overwatch,2024-11-23,2,00:04:04,00:07:09,184.76,macro_space_tempo,macro_space_tempo;pro_team_analysis,analytical_explanation,66,53,85,83,71,engage;corner;kite;know;going;toronto;we're;you're,so what happened here well if we rewind it the simplest version of what happened here is that crazy raccoons is baiting and Toronto wants to go first uh and crazy raccoons punish Toronto for engaging right so what exactly allows crazy raccoons to punish them for engaging instead ,captions/segments/K6Ayz-NHVe4.json
K6Ayz-NHVe4:003,K6Ayz-NHVe4,How Korea Solved Overwatch,2024-11-23,3,00:07:07,00:10:18,191.32,macro_space_tempo,macro_space_tempo;fight_execution_review,mixed_discussion,63,44,85,82,76,setup;first;space;fight;want;team;people;see,so don't think of this as kiing um but yeah this fight was really really incredible uh setup um and what I want to stress about this before we move on to the other fights is that this is the default setup of the good Korean teams anytime they're clearing space right when you're c,captions/segments/K6Ayz-NHVe4.json
K6Ayz-NHVe4:004,K6Ayz-NHVe4,How Korea Solved Overwatch,2024-11-23,4,00:10:17,00:12:56,159.279,fight_execution_review,fight_execution_review;macro_space_tempo;pro_team_analysis,mixed_discussion,64,45,83,83,71,fight;setup;dies;infected;falcons;team;see;it's,so you can see right away the difference in neutral setups and why Toronto is so much more punishable right any team you know this could be a tier three team it's not like cr's cooldowns are stronger than other teams right it's just that that this team's setup is not as good and ,captions/segments/K6Ayz-NHVe4.json
K6Ayz-NHVe4:005,K6Ayz-NHVe4,How Korea Solved Overwatch,2024-11-23,5,00:12:53,00:16:48,235.44,macro_space_tempo,macro_space_tempo;pro_team_analysis;composition_matchups,match_commentary,62,47,85,83,72,corner;people;map;they're;clear;bait;space;falcons,so if you can't go first onto a Korean team how the hell are you supposed to win well let's watch teams actually going first and making it work into a bit setup right here is from the same map um nightmare just C second um and they set up a really aggressive kind of similar style,captions/segments/K6Ayz-NHVe4.json
K6Ayz-NHVe4:006,K6Ayz-NHVe4,How Korea Solved Overwatch,2024-11-23,6,00:16:46,00:19:43,177.201,fight_execution_review,fight_execution_review;macro_space_tempo,analytical_explanation,63,54,83,82,69,going;know;we're;push;fights;fight;bait;poke,so your only options become one to just play bait versus bait and we're going to poke and try and clear and play these angles and see who wins angle fights and stuff um but the downside of that is that both teams are going to build SS right if this team uh you're the team that ha,captions/segments/K6Ayz-NHVe4.json
V-Y0hBOI1yY:001,V-Y0hBOI1yY,Why You Suck at the Easiest Tank,2024-11-20,1,00:00:01,00:03:39,218.239,player_decisions_mechanics,player_decisions_mechanics;composition_matchups;fight_execution_review,analytical_explanation,63,55,80,83,68,armor;healing;you're;comp;going;it's;meta;damage,hey guys it's me cap former head coach of tsm's OverWatch 2 team and Wisp and contenders um today I want to talk about malga now a lot of people have mixed thoughts on malga me personally you know obviously it's it's not the most complex and entertaining tank or meta to watch but,captions/segments/V-Y0hBOI1yY.json
V-Y0hBOI1yY:002,V-Y0hBOI1yY,Why You Suck at the Easiest Tank,2024-11-20,2,00:03:38,00:06:16,158.319,player_decisions_mechanics,player_decisions_mechanics;fight_execution_review,mixed_discussion,64,43,79,83,71,armor;fight;going;healing;he's;damage;there's;die,first one's a retake right so you can see they're about to retake um but this very small amount of discipline right um and not waiting for his armor to come back um is going to punish him in this fight here right so there's nothing too special about what's actually going to happe,captions/segments/V-Y0hBOI1yY.json
V-Y0hBOI1yY:003,V-Y0hBOI1yY,Why You Suck at the Easiest Tank,2024-11-20,3,00:06:14,00:08:45,151.519,composition_matchups,composition_matchups;fight_execution_review;game_design_meta,mixed_discussion,64,49,83,81,70,pin;meta;fight;that's;reload;need;armor;you're,anyways right like having to do this he loses all the space they just Chase he's dead right so what should you do well there's two ways to do this right um one anytime you're poking in the neutral right I told you to lock your eyes to your armor right which is important but reall,captions/segments/V-Y0hBOI1yY.json
V-Y0hBOI1yY:004,V-Y0hBOI1yY,Why You Suck at the Easiest Tank,2024-11-20,4,00:08:43,00:12:25,221.521,fight_execution_review,fight_execution_review;composition_matchups;pro_team_analysis,analytical_explanation,68,57,82,81,69,pin;cage;want;walk;it's;hard;you're;people,so how do I want to do it well um if you're in your neutral and you're tired of poking or you don't want to poke because you want to like set up my Reaper to walk a little bit or I think that we have some kind of small Advantage right like uh maybe we cracked their mag's armor of,captions/segments/V-Y0hBOI1yY.json
V-Y0hBOI1yY:005,V-Y0hBOI1yY,Why You Suck at the Easiest Tank,2024-11-20,5,00:12:23,00:15:53,210.239,fight_execution_review,fight_execution_review;player_decisions_mechanics;composition_matchups,mixed_discussion,62,50,83,80,64,fight;it's;cage;don't;damage;you're;pin;maybe,but here cuff his cage this is actually the fight right before this right um and all you need to do there's a couple things right if you're the defending team you can like play slow and they have to kind of walk into you either walk on a point or try and clear some space right an,captions/segments/V-Y0hBOI1yY.json
nddeTxFzT6Q:001,nddeTxFzT6Q,How to Play the Easiest Role in Overwatch (Hitscan),2024-11-19,1,00:00:01,00:02:49,167.811,player_decisions_mechanics,player_decisions_mechanics;game_design_meta,analytical_explanation,64,58,81,83,66,hitscan;role;players;damage;tanks;need;it's;hit,"Hey guys, it's me, Cap, former head coach of TSM from Overwatch 2, as well as Wisp and Contenders. Today I want to talk about what some consider to be the easiest role in Overwatch. This headline is, of course, a bit clickbait. Although I'll only go over two things today, two mai",captions/segments/nddeTxFzT6Q.json
nddeTxFzT6Q:002,nddeTxFzT6Q,How to Play the Easiest Role in Overwatch (Hitscan),2024-11-19,2,00:02:48,00:05:45,177.141,player_decisions_mechanics,player_decisions_mechanics,analytical_explanation,66,52,80,83,71,movement;aim;space;falcons;use;shots;head;hanbman,"so smooth, right?"" Um, the thing is, they don't really use their right hand, uh, to do any kind of sharp jerks, right? Of course, micro-corrections still happen, but for the most part it's just tracking the enemy tank's movement as it moves forward. Um, and using your own movemen",captions/segments/nddeTxFzT6Q.json
nddeTxFzT6Q:003,nddeTxFzT6Q,How to Play the Easiest Role in Overwatch (Hitscan),2024-11-19,3,00:05:44,00:08:40,176.174,player_decisions_mechanics,player_decisions_mechanics;fight_execution_review;career_community_personal,analytical_explanation,67,56,79,83,65,video;damage;fight;corner;team;know;enemy;battle,"second thing, and this is what most of the video will be based on, because it's harder to understand—is being unattainable. Um, I have another video that kind of covers this in a macro sense, it's called ""Out of the Corner."" Um, and it's a very similar concept. Um, but I want to ",captions/segments/nddeTxFzT6Q.json
nddeTxFzT6Q:004,nddeTxFzT6Q,How to Play the Easiest Role in Overwatch (Hitscan),2024-11-19,4,00:08:52,00:12:09,196.626,fight_execution_review,fight_execution_review,analytical_explanation,70,63,84,84,74,fight;it's;merritt;position;orisa;blade;advantage;trade,"Now Merritt actually did little in this fight. Sure, this was the fight where Juno and Blade pulled out all the stops, but if it hadn't been a blade fight, or if they had used the blade and achieved nothing, Merritt was in a great position to decide the fate of this fight. And, m",captions/segments/nddeTxFzT6Q.json
nddeTxFzT6Q:005,nddeTxFzT6Q,How to Play the Easiest Role in Overwatch (Hitscan),2024-11-19,5,00:12:08,00:16:01,232.952,macro_space_tempo,macro_space_tempo;fight_execution_review;player_decisions_mechanics,analytical_explanation,67,53,85,83,70,fight;he's;know;tank;lane;damage;they're;sees,"first if you press for an advantage early in the fight instead of playing it off, you know? So, from here he can still cause damage. He can go even further if he wants. He can help remove this Genji from the point. He is forced to stay in this area because it was forced, right? S",captions/segments/nddeTxFzT6Q.json
nddeTxFzT6Q:006,nddeTxFzT6Q,How to Play the Easiest Role in Overwatch (Hitscan),2024-11-19,6,00:16:01,00:19:12,191.816,fight_execution_review,fight_execution_review;player_decisions_mechanics,analytical_explanation,66,56,83,83,70,tank;video;fight;enemy;understand;movement;kill;genji,"Now I can play from my Brig, not my tank. And he deals so much damage to Hanbin that it is literally impossible for them to win this fight. Even though they kill Junbin. Lip commits murder of Hanbin. He kills Proper. He's hurting Shia, right? And Lip ends up killing three in this",captions/segments/nddeTxFzT6Q.json
pMPwEwNEiQA:001,pMPwEwNEiQA,What You're Missing on Genji,2024-11-14,1,00:00:01,00:03:04,182.759,fight_execution_review,fight_execution_review;macro_space_tempo,mixed_discussion,62,53,85,82,69,genji;fight;kill;first;need;map;dash;know,hey guys I'm cap former head coach of tsm's OverWatch 2 Team uh and today I want to talk about geni specifically what you probably missing on Genji um the inspiration for this video um lately the stage 4 meta obviously has involved Genji on most of the maps um there's been past G,captions/segments/pMPwEwNEiQA.json
pMPwEwNEiQA:002,pMPwEwNEiQA,What You're Missing on Genji,2024-11-14,2,00:03:02,00:05:37,155.321,macro_space_tempo,macro_space_tempo;fight_execution_review,mixed_discussion,64,44,85,79,71,need;wall;going;i'm;dash;space;fight;angle,at any time I want I can gain awareness of the fight right I can climb up every wall in the game I can Dash anywhere I want right so there's no excuse not to be doing this and you can go for this Dash in a second if you want to or you can just leave it for juming to clean up who ,captions/segments/pMPwEwNEiQA.json
pMPwEwNEiQA:003,pMPwEwNEiQA,What You're Missing on Genji,2024-11-14,3,00:05:33,00:08:46,192.88,player_decisions_mechanics,player_decisions_mechanics;macro_space_tempo;fight_execution_review,mixed_discussion,65,48,79,82,69,genji;looking;see;angle;you're;health;player;fight,so let's go to the third fight losing mistake now in this fight they want a fight and they're defending a retake right so the nice part about defending a retake is you kind of get to start in whatever space you want so he starts a little bit of an angle here right you can't see i,captions/segments/pMPwEwNEiQA.json
pMPwEwNEiQA:004,pMPwEwNEiQA,What You're Missing on Genji,2024-11-14,4,00:08:44,00:11:39,174.52,macro_space_tempo,macro_space_tempo,analytical_explanation,66,51,86,83,74,pressure;he's;proper;space;genji;off;that's;they're,so even though the CDs the positioning was was all kind of not bad um he's Min maxing his health bar instead of Min maxing the visual ago right so uh let me write this on the screen just so uh it's double important right men Max your vision aggro and not your health bar please th,captions/segments/pMPwEwNEiQA.json
pMPwEwNEiQA:005,pMPwEwNEiQA,What You're Missing on Genji,2024-11-14,5,00:11:36,00:13:46,129.799,macro_space_tempo,macro_space_tempo,mixed_discussion,67,48,85,83,72,he's;blade;going;squishies;looking;lip;turn;positioning,blade if you notice however he's not taking any damage right now it's his turn he's going to dash up he has all his CDs he deflex right so this blade was really good well why was this blade so good let's look at the positioning let's look at the triggers so the very beginning fig,captions/segments/pMPwEwNEiQA.json
pMPwEwNEiQA:006,pMPwEwNEiQA,What You're Missing on Genji,2024-11-14,6,00:13:43,00:15:56,133.44,player_decisions_mechanics,player_decisions_mechanics;fight_execution_review,mixed_discussion,65,42,79,84,66,genji;team;players;about;i'm;away;punished;baiting,but who cares um let's watch a second fight and this fight is way more subtle right this is what people won't pick up on when you watch this right so he's saying is taking through your bottom right because the rest of his team wants to play Topp or wants to play like safe positio,captions/segments/pMPwEwNEiQA.json
pMPwEwNEiQA:007,pMPwEwNEiQA,What You're Missing on Genji,2024-11-14,7,00:15:54,00:20:09,255.48,fight_execution_review,fight_execution_review;macro_space_tempo,mixed_discussion,62,50,83,83,70,fight;he's;i'm;angle;you're;genji;through;nightmare,so let's do one little bonus fight and we'll do a little recap right um this sugar-free fight and this fight is long that's why I picked it um that's why it's the bonus fight is because if you watch this fight nightmare paths through the right side jerre is looking for his angle ,captions/segments/pMPwEwNEiQA.json
XXrcVGWBmo4:001,XXrcVGWBmo4,Do This to be a Top 5 Brig in NA #overwatch2 #gaming #overwatchclips #ow2,2024-11-13,1,00:00:01,00:00:58,56.64,composition_matchups,composition_matchups;career_community_personal,short_analysis_or_highlight,59,42,83,85,67,counter;bash;you're;going;we're;noon;corner;you've,"All right, so you're a main support, you've only ever played Lucio in your life, and now your team has watched the good teams play and they're saying, ""Oh, you have to play Brig in this comp, right?"" So, how the [ __ ] do you do that? Well, there's two things. One, anytime your C",captions/segments/XXrcVGWBmo4.json
z9n-JNB52rk:001,z9n-JNB52rk,Get off the Corner,2024-11-11,1,00:00:01,00:03:26,204.68,composition_matchups,composition_matchups;macro_space_tempo,analytical_explanation,65,59,85,81,70,tank;backline;i'm;corner;comp;whatever;say;overwatch,hey guys um it's me cap formerly coach of TSM and wisp um I wanted to make a video today over something that really pisses me off and I see all the time um the main examples using this video are going to be from the Arisa Juno Brig comp that was really popular in stage 4 uh stage,captions/segments/z9n-JNB52rk.json
z9n-JNB52rk:002,z9n-JNB52rk,Get off the Corner,2024-11-11,2,00:03:24,00:05:32,127.4,macro_space_tempo,macro_space_tempo;composition_matchups;fight_execution_review,mixed_discussion,63,48,86,78,68,tank;going;punish;swing;comp;we're;corner;trade,here because I know there's no way it'll work and he will get punished on the way in for it right if you watch um The orisa Meta in stage one that happened a lot in stage two um that was the way a lot of teams played played to like swing their soj swing their K Lucio try to bait ,captions/segments/z9n-JNB52rk.json
z9n-JNB52rk:003,z9n-JNB52rk,Get off the Corner,2024-11-11,3,00:05:31,00:07:36,125.641,macro_space_tempo,macro_space_tempo;fight_execution_review;composition_matchups,mixed_discussion,62,45,85,78,71,going;tank;we're;he's;corner;fight;backline;they're,example is going to come from my own team that played in stage three um let's just take a look at this really quickly right um and we're going to watch this from infected POV to see um how easy this is exactly right so you can see we're getting ready to swing the corner um what w,captions/segments/z9n-JNB52rk.json
z9n-JNB52rk:004,z9n-JNB52rk,Get off the Corner,2024-11-11,4,00:07:34,00:10:09,155.28,macro_space_tempo,macro_space_tempo,mixed_discussion,65,44,85,82,71,corner;off;push;positioning;look;know;it's;you're,first while expecting to kite in a midf fight and that's still totally fine as long as you're doing this properly um the good example we'll look at is from crazy raccoons versus Falcons we'll look at lip um and this fight he wants to play for High Noon right um so knowingly on th,captions/segments/z9n-JNB52rk.json
z9n-JNB52rk:005,z9n-JNB52rk,Get off the Corner,2024-11-11,5,00:10:06,00:14:01,234.8,macro_space_tempo,macro_space_tempo;fight_execution_review;player_decisions_mechanics,analytical_explanation,70,64,85,81,71,it's;corner;push;decision;you're;going;reach;know,but he's knows if I try to reach for lip right now and I ult I'm going to take a [ __ ] ton of damage from this noon and it's going to be hard also he didn't have spear right so this is really good window timing from from crazy raccoon so if you see this Hanan makes that decision,captions/segments/z9n-JNB52rk.json
z9n-JNB52rk:006,z9n-JNB52rk,Get off the Corner,2024-11-11,6,00:13:59,00:15:33,93.52,fight_execution_review,fight_execution_review;composition_matchups;coaching_learning,mixed_discussion,61,40,82,83,64,corner;something;there's;off;maybe;it's;easy;both,but when both teams are trying to get off a corner right so for example maybe both restes are playing this corner right um and like let me zoom out a little bit actually um this corner is a really common one because if it's really easy to get off a corner on both sides of it then,captions/segments/z9n-JNB52rk.json
c92ESPjlveI:001,c92ESPjlveI,What are turns?,2023-11-28,1,00:00:01,00:03:00,179.199,macro_space_tempo,macro_space_tempo,analytical_explanation,67,60,86,81,62,going;turns;turn;first;second;i'm;about;video,all right my name is Cap contenders coach or I guess not contenders coach anymore flash Ops coach for Wisp um and today I'm going to talk about what are turns in OverWatch this is uh a term that a lot of coaches throw around um again my goal with this is to kind of like clarify a,captions/segments/c92ESPjlveI.json
c92ESPjlveI:002,c92ESPjlveI,What are turns?,2023-11-28,2,00:02:58,00:06:42,224.24,macro_space_tempo,macro_space_tempo,analytical_explanation,77,67,87,82,65,turn;team;turns;space;time;play;neutral;first,second or I'm taking turns one at a time either way it's because I want things to change from the way that they are now and so that's a general way of saying if we look at like the setup on this map the defending team has a ton of space and a really good setup and the attacking t,captions/segments/c92ESPjlveI.json
c92ESPjlveI:003,c92ESPjlveI,What are turns?,2023-11-28,3,00:06:40,00:09:18,158.439,macro_space_tempo,macro_space_tempo;composition_matchups,mixed_discussion,66,49,86,82,64,monkey;turn;going;dive;angles;cart;first;dps,so the simple answer to that is I need to let my DPS set up with angles and so this is when like um flanking DPS are really strong in this and Sombra was really good at this Ekko is really good at this um action Widow are less good at this but can still kind of do it where I need,captions/segments/c92ESPjlveI.json
c92ESPjlveI:004,c92ESPjlveI,What are turns?,2023-11-28,4,00:09:19,00:13:19,240.241,macro_space_tempo,macro_space_tempo;composition_matchups,analytical_explanation,74,72,88,83,66,turn;going;first;second;monkey;it's;about;brawl,so playing passive forcing card again baiting their first turn the soft dive again not diving Anna all the while my echo is pressuring this making the first turn happen first turn happens they don't get anything out of it cuz my back's playing good and this is where it happens ri,captions/segments/c92ESPjlveI.json
c92ESPjlveI:005,c92ESPjlveI,What are turns?,2023-11-28,5,00:13:20,00:16:39,198.841,macro_space_tempo,macro_space_tempo,analytical_explanation,70,63,87,82,69,turn;push;fight;we're;team;brawl;second;playing,so this team pushes in we bait the wall right we're kind of playing second we got a second wall so this is kind of a neutral turn and then they flux so we're playing second here we're letting them flux right my B is a safe position here uh my May and my Sig are the only ones that,captions/segments/c92ESPjlveI.json
JM50b3IU6-c:001,JM50b3IU6-c,How to Play Split Comps in Overwatch (Toronto vs Washington),2023-10-27,1,00:00:00,00:03:09,189.36,composition_matchups,composition_matchups,analytical_explanation,66,55,85,82,62,comp;split;going;core;i'm;playing;tank;pressure,"Okay, my name is Cap. I'm Contenders coach for Wisp currently. Um, and today I'm going to be talking about playing split comps. Um, and a little bit of playing against them. Um, what I'm looking at today is a VOD from the playoffs, I believe, or no, before playoffs, um, of Justic",captions/segments/JM50b3IU6-c.json
JM50b3IU6-c:002,JM50b3IU6-c,How to Play Split Comps in Overwatch (Toronto vs Washington),2023-10-27,2,00:03:07,00:05:40,153.28,macro_space_tempo,macro_space_tempo;composition_matchups,analytical_explanation,67,55,86,83,67,angle;going;people;we're;split;comp;new;it's,"close-range situation. Um, so here we're going to put our May or we're going to put our torp. um whatever this is, right? And then our off angle in this case is going to have um people who can split and get a lot of value on their own. So those people are mobile people who can ve",captions/segments/JM50b3IU6-c.json
JM50b3IU6-c:003,JM50b3IU6-c,How to Play Split Comps in Overwatch (Toronto vs Washington),2023-10-27,3,00:05:39,00:08:04,145.28,composition_matchups,composition_matchups;macro_space_tempo;fight_execution_review,analytical_explanation,63,50,83,82,67,zone;red;going;fight;angle;we're;time;that's,"But the reason ball comp was superior, it was it was able to punish point and control the entire map, right? So you could have your monkey here as your six-man dive or whatever and you could theoretically, right, jump on this Briggs end. But as you do that, right, it's impossible",captions/segments/JM50b3IU6-c.json
JM50b3IU6-c:004,JM50b3IU6-c,How to Play Split Comps in Overwatch (Toronto vs Washington),2023-10-27,4,00:08:02,00:10:09,126.96,macro_space_tempo,macro_space_tempo;composition_matchups,analytical_explanation,68,55,86,76,66,going;we're;push;pull;zone;core;comp;they're,"But you can kind of consider there to be an orange zone. That's a terrible color. That's like a brown u, we'll say a yellow zone, right? But like this kind of this zone of like moderate danger, right? That's a little bit outside of that. That's a terrible circle, but you get my p",captions/segments/JM50b3IU6-c.json
JM50b3IU6-c:005,JM50b3IU6-c,How to Play Split Comps in Overwatch (Toronto vs Washington),2023-10-27,5,00:10:08,00:13:08,180.48,macro_space_tempo,macro_space_tempo;composition_matchups,mixed_discussion,64,47,85,83,73,angle;core;point;see;punish;off;it's;split,"now is there anything else I want to lay out before we actually look at this fight? Um, not really. Okay, there is one thing actually. Um, actually, never mind. We'll just look at this fight first from Toronto's perspective purely. Um, so look at the way they set split up. The fi",captions/segments/JM50b3IU6-c.json
JM50b3IU6-c:006,JM50b3IU6-c,How to Play Split Comps in Overwatch (Toronto vs Washington),2023-10-27,6,00:13:06,00:15:17,130.64,fight_execution_review,fight_execution_review;macro_space_tempo;composition_matchups,analytical_explanation,70,62,87,84,69,fight;angle;going;trade;point;people;tank;split,"so the cat point here. Now, this fight devolves into a messy fight, right? But for split comps, usually trades are really good for you. One, because you have a soldier, and if your soldier ever dies, he'll come back very quickly. And also, because a lot of the people individually",captions/segments/JM50b3IU6-c.json
JM50b3IU6-c:007,JM50b3IU6-c,How to Play Split Comps in Overwatch (Toronto vs Washington),2023-10-27,7,00:15:15,00:17:44,148.96,composition_matchups,composition_matchups;fight_execution_review;pro_team_analysis,analytical_explanation,66,54,84,82,69,core;fight;orisa;going;tank;we're;people;other,"but now we're going to talk about it a little bit from Justice's POV and then we're going to look at the mistake that was made. So, anytime you're approaching playing against a split comp and playing against one of these like core versus core scenarios, the only way you can win i",captions/segments/JM50b3IU6-c.json
JM50b3IU6-c:008,JM50b3IU6-c,How to Play Split Comps in Overwatch (Toronto vs Washington),2023-10-27,8,00:17:43,00:20:48,185.76,macro_space_tempo,macro_space_tempo;fight_execution_review,analytical_explanation,74,67,89,84,78,push;pull;core;going;we're;understand;trades;fight,"But if we're on Sojurnn, it's really hard for Sojurnn to kind of quickly take this duel in a way that it actually like helps these people a lot. Um, so the better option is just our Sojourn has a lot of poke. Our sojun can probably make their walker probably difficult and our que",captions/segments/JM50b3IU6-c.json
JM50b3IU6-c:009,JM50b3IU6-c,How to Play Split Comps in Overwatch (Toronto vs Washington),2023-10-27,9,00:20:47,00:23:22,155.52,macro_space_tempo,macro_space_tempo;fight_execution_review;composition_matchups,mixed_discussion,65,49,86,84,72,core;fight;push;pull;angle;split;about;sees,"the last fight I want to talk about, and I'm going to um hopefully make this quick. I've only talked about two fights, and it's still going to probably be like a 30-minute video, but that's just what happens. Um, so the next fight I want to talk about is this fight on the second ",captions/segments/JM50b3IU6-c.json
JM50b3IU6-c:010,JM50b3IU6-c,How to Play Split Comps in Overwatch (Toronto vs Washington),2023-10-27,10,00:23:20,00:26:07,166.72,macro_space_tempo,macro_space_tempo;composition_matchups;coaching_learning,analytical_explanation,66,52,87,83,69,core;push;understand;people;pull;hard;mirror;that's,okay recognizing where the pul right the literal millisecond he even sees mirror on his screen right mirror's on his screen for one second he's poking here he's like okay it's not clear if we're the push core or the pull core cuz there's two people here I have two people and then,captions/segments/JM50b3IU6-c.json
